Real Ultimate Origin	Reported Ultimate Origin (conduit 1)	Immediate origin (conduit 2)	Destination	Estimate 1 (millions USD)	Estimate 2 (millions USD)
AD	AD	AD	GB	15.094641	15.094641
AO	AO	AO	GB	2.923279	2.923279
AI	AI	AI	GB	3.730575	3.730575
AG	AG	AG	GB	3.608102	0.000000
AR	AR	AR	GB	7.833587	7.833587
AU	AU	AU	GB	22687.193850	18427.866730
US	BE	AU	GB	17.875648	14.519647
CA	BM	AU	GB	248.029359	201.463963
BR	BR	AU	GB	7.486631	6.081080
CA	CA	AU	GB	61.866719	50.251770
n.a.	KY	AU	GB	1.256732	1.020792
n.a.	HK	AU	GB	2.567581	2.085539
CN	CN	AU	GB	89.145644	72.409310
n.a.	CY	AU	GB	1.234568	1.002788
FI	FI	AU	GB	0.709639	0.576410
FR	FR	AU	GB	318.178590	258.443274
DE	DE	AU	GB	2.346261	1.905770
IN	IN	AU	GB	0.520833	0.423051
JP	JP	AU	GB	68.980050	56.029634
AU	JY	AU	GB	6.981410	5.670710
CH	JY	AU	GB	0.888070	0.721343
n.a.	JY	AU	GB	1.036269	0.841719
n.a.	LU	AU	GB	1.776141	1.442686
MY	MY	AU	GB	1.516139	1.231497
NL	NL	AU	GB	0.259067	0.210430
n.a.	NL	AU	GB	0.259067	0.210430
NZ	NZ	AU	GB	62.777844	50.991839
SG	SG	AU	GB	11.154997	9.060741
ZA	ZA	AU	GB	6.696726	5.439472
CH	CH	AU	GB	4.404145	3.577304
AE	AE	AU	GB	5.511111	4.476447
ZA	GB	AU	GB	24.689667	20.054392
GB	GB	AU	GB	120.598662	97.957292
US	GB	AU	GB	0.790852	0.642377
n.a.	GB	AU	GB	6.796684	5.520665
US	US	AU	GB	593.913548	482.411346
n.a.	VG	AU	GB	0.812819	0.660219
n.a.	n.a.	AU	GB	1.388889	1.128137
AT	AT	AT	GB	1049.217753	2820.099584
BR	BR	AT	GB	3.298611	8.866045
CA	CA	AT	GB	42.714571	114.808716
CN	CN	AT	GB	10.641880	28.603369
n.a.	CY	AT	GB	0.520833	1.399902
DK	DK	AT	GB	0.259067	0.696324
FR	FR	AT	GB	31.601138	84.937903
DE	DE	AT	GB	31.307510	84.148686
IT	IT	AT	GB	0.733976	1.972789
JP	JP	AT	GB	23.153693	62.232762
GB	JY	AT	GB	63.645045	171.065886
DE	LI	AT	GB	1.467952	3.945578
n.a.	LI	AT	GB	0.297516	0.799667
n.a.	NL	AT	GB	1.234568	3.318286
RU	RU	AT	GB	1.036269	2.785297
SG	SG	AT	GB	30.663929	82.418862
ZA	ZA	AT	GB	364.419077	979.489799
SE	SE	AT	GB	0.399202	1.072979
CH	CH	AT	GB	11.177645	30.043402
TR	TR	AT	GB	2.395210	6.437872
AE	AE	AT	GB	0.314859	0.846283
n.a.	GB	AT	GB	0.889802	2.391619
US	US	AT	GB	5.788423	15.558191
CL	BS	BS	GB	16.696589	9.382244
FR	BS	BS	GB	2115.978808	1189.023061
PT	BS	BS	GB	10.880829	6.114218
GB	BS	BS	GB	271.275938	152.436945
US	BS	BS	GB	23.770362	13.357179
n.a.	BS	BS	GB	136.758914	76.848361
n.a.	BM	BS	GB	2.528616	2.781231
BR	BR	BS	GB	9.581869	5.384299
CA	CA	BS	GB	0.205339	0.115385
CN	CN	BS	GB	0.306173	0.172046
KW	KW	BS	GB	0.592047	0.332686
NL	MT	BS	GB	82.887701	46.576737
NO	MH	BS	GB	4.592593	2.580696
n.a.	PA	BS	GB	0.199601	0.112161
n.a.	GB	BS	GB	0.259067	0.145577
US	US	BS	GB	185.313911	104.132666
GB	VG	BS	GB	18.189604	10.221208
BH	BH	BH	GB	34.452062	0.000000
n.a.	JY	BH	GB	2.469136	0.000000
LY	LY	BH	GB	288.090349	0.000000
SA	SA	BH	GB	388.432580	0.000000
BD	BD	BD	GB	22.792608	22.792608
BB	BB	BB	GB	7.118412	7.118412
n.a.	BB	BB	GB	4.099753	4.099753
CA	CA	BB	GB	14.037566	14.037566
CN	CN	BB	GB	16.410186	16.410186
GB	GB	BB	GB	1706.244759	1706.244759
US	US	BB	GB	33.628265	33.628265
BY	BY	BY	GB	42.534722	42.534722
AU	AU	BE	GB	170.282429	501.703976
BE	BE	BE	GB	2465.333199	7263.623605
FR	BE	BE	GB	55.767683	164.308604
DE	BE	BE	GB	193.640976	570.525381
GR	BE	BE	GB	5.034722	14.833827
IT	BE	BE	GB	3.090435	9.105363
NO	BE	BE	GB	13.617079	40.120069
CH	BE	BE	GB	72.609819	213.930675
GB	BE	BE	GB	8.934551	26.323913
US	BE	BE	GB	101.086424	297.831438
n.a.	BE	BE	GB	179.316617	528.321451
CA	CA	BE	GB	31.001933	91.341152
n.a.	KY	BE	GB	2.849741	8.396206
n.a.	HK	BE	GB	6.454942	19.018228
FR	FR	BE	GB	2979.523267	8778.584388
DE	DE	BE	GB	12.061787	35.537704
GB	GG	BE	GB	2.794411	8.233188
IS	IS	BE	GB	0.590697	1.740375
IN	IN	BE	GB	1.837037	5.412471
US	IE	BE	GB	13.572854	39.989769
JP	JP	BE	GB	207.095520	610.166573
GB	JY	BE	GB	6.187625	18.230630
KR	KR	BE	GB	2.083333	6.138135
BE	LU	BE	GB	2.225761	6.557769
FR	LU	BE	GB	18.312388	53.953880
IN	LU	BE	GB	7.584830	22.347224
US	LU	BE	GB	32.500311	95.755829
n.a.	LU	BE	GB	5.154108	15.185575
IT	NL	BE	GB	161.533196	475.926069
NL	NL	BE	GB	18.197972	53.616776
n.a.	NL	BE	GB	22.108676	65.138903
PT	PT	BE	GB	0.313294	0.923059
SE	SE	BE	GB	241.320619	711.004154
US	CH	BE	GB	398.288843	1173.480422
TH	TH	BE	GB	0.493827	1.454965
TR	TR	BE	GB	1.562500	4.603602
GB	GB	BE	GB	140.867543	415.038750
US	GB	BE	GB	42.203619	124.344735
n.a.	GB	BE	GB	0.068446	0.201664
US	US	BE	GB	3691.540532	10876.404440
n.a.	n.a.	BE	GB	4.799796	14.141662
BZ	BZ	BZ	GB	147.940872	118.974851
IS	IS	BZ	GB	6.326819	5.088062
n.a.	VG	BZ	GB	0.518135	0.416687
AU	AU	BM	GB	2973.336716	5833.709628
AU	BM	BM	GB	47.037702	92.480730
BR	BM	BM	GB	10.061602	19.782094
CA	BM	BM	GB	223.914129	440.237110
HK	BM	BM	GB	457.989490	900.452198
GR	BM	BM	GB	26.024691	51.167092
IL	BM	BM	GB	17.145679	33.710084
IT	BM	BM	GB	0.684463	1.345721
LB	BM	BM	GB	68.013302	133.720815
NO	BM	BM	GB	351.652457	691.383175
SG	BM	BM	GB	1.388889	2.730692
ZA	BM	BM	GB	260.026811	511.238180
SE	BM	BM	GB	0.273785	0.538288
CH	BM	BM	GB	27.963414	54.978810
GB	BM	BM	GB	840.201478	1651.918406
US	BM	BM	GB	3507.960521	6896.993997
n.a.	BM	BM	GB	229.392986	451.009079
BR	BR	BM	GB	2.994012	5.874275
CA	CA	BM	GB	272.985259	535.599189
GB	KY	BM	GB	50.236589	98.564577
US	KY	BM	GB	53.086420	104.155966
n.a.	KY	BM	GB	0.296023	0.580800
HK	HK	BM	GB	39.853933	78.193724
CN	CN	BM	GB	9.192020	18.034815
n.a.	CY	BM	GB	0.330422	0.648291
GB	GG	BM	GB	10.275664	20.160932
US	GG	BM	GB	20.957587	41.118948
IN	IN	BM	GB	11.196324	21.967274
GB	IE	BM	GB	2.669405	5.237392
US	IE	BM	GB	541.587365	1062.598597
JP	JP	BM	GB	15.194115	29.810972
KW	KW	BM	GB	0.775194	1.520936
SA	LI	BM	GB	30.029325	58.917768
NO	LU	BM	GB	243.331287	477.417867
n.a.	LU	BM	GB	0.068446	0.134292
MY	MY	BM	GB	287.046632	563.187712
SE	NL	BM	GB	38.533739	75.603494
QA	QA	BM	GB	72.621492	142.483929
RU	RU	BM	GB	13.616422	26.715525
SA	SA	BM	GB	10.233393	20.077997
SG	SG	BM	GB	0.632932	1.241817
US	CH	BM	GB	129.597554	254.271402
GB	GB	BM	GB	1418.149366	2782.420022
US	GB	BM	GB	1221.467250	2396.528191
US	US	BM	GB	3291.127891	6457.218371
CN	VG	BM	GB	0.586645	1.151002
ZA	VG	BM	GB	56.457738	110.770518
n.a.	VG	BM	GB	8.769302	17.205437
n.a.	n.a.	BM	GB	127.629553	250.410170
n.a.	n.a.	1	GB	0.000000	283.042900
BW	BW	BW	GB	1.510644	1.510644
BR	BM	BR	GB	27.826206	3.020694
BR	BR	BR	GB	358.852909	38.955542
JP	JP	BR	GB	9.201389	0.998864
BN	BN	BN	GB	0.632838	0.632838
BG	BG	BG	GB	6.853528	10.925600
AU	AU	CA	GB	46.858169	40.164640
BR	BR	CA	GB	45.956975	39.392178
CA	CA	CA	GB	35110.371700	30094.975290
CN	CN	CA	GB	0.303833	0.260431
RU	CY	CA	GB	230.700180	197.745449
DK	DK	CA	GB	16.142764	13.836825
FR	FR	CA	GB	1298.504810	1113.017843
IN	IN	CA	GB	7.706748	6.605865
US	IE	CA	GB	180.246914	154.499259
JP	JP	CA	GB	3.887469	3.332158
GB	JY	CA	GB	100.581962	86.214173
IT	NL	CA	GB	0.998004	0.855443
RU	RU	CA	GB	1.480117	1.268688
SG	SG	CA	GB	33.395907	28.625416
SE	SE	CA	GB	0.448996	0.384858
CH	CH	CA	GB	134.244227	115.067899
GB	GB	CA	GB	71.770687	61.518490
n.a.	GB	CA	GB	0.233585	0.200218
US	US	CA	GB	2845.247053	2438.813251
n.a.	n.a.	CA	GB	2.994012	2.566328
n.a.	BS	KY	GB	0.331177	0.322729
BH	BH	KY	GB	193.634497	188.695177
US	BM	KY	GB	1.368925	1.334006
BR	BR	KY	GB	4.145078	4.039343
CA	CA	KY	GB	308.857962	300.979467
BB	KY	KY	GB	27.237355	26.621721
CA	KY	KY	GB	1112.974801	1087.818723
HK	KY	KY	GB	17.688018	17.288223
CN	KY	KY	GB	38.106997	37.245681
CW	KY	KY	GB	2.643704	2.583949
IN	KY	KY	GB	50.693004	49.547213
IE	KY	KY	GB	201.843396	197.281219
JP	KY	KY	GB	266.408269	260.386760
NZ	KY	KY	GB	365.451469	357.191331
NO	KY	KY	GB	26.050065	25.461267
SG	KY	KY	GB	0.777202	0.759635
SE	KY	KY	GB	14.312532	13.989032
TH	KY	KY	GB	175.555556	171.587551
TR	KY	KY	GB	385.145096	376.439831
GB	KY	KY	GB	7889.925190	7711.592690
US	KY	KY	GB	2193.272795	2143.699217
n.a.	KY	KY	GB	314.617517	307.506356
CN	CN	KY	GB	16.230513	15.816497
DK	DK	KY	GB	0.306173	0.298363
FR	FR	KY	GB	10.472279	10.205147
DE	DE	KY	GB	106.228611	103.518881
IT	GI	KY	GB	412.231789	401.716386
CH	GG	KY	GB	0.296023	0.288472
IN	IN	KY	GB	0.259067	0.252459
US	IE	KY	GB	85.160612	82.988294
n.a.	IE	KY	GB	0.097338	0.094855
JM	JM	KY	GB	1.224691	1.193451
JP	JP	KY	GB	0.296023	0.288472
AU	JY	KY	GB	3749.408707	3653.767019
GB	JY	KY	GB	249.184847	242.828522
n.a.	JY	KY	GB	0.315360	0.307316
KW	KW	KY	GB	128.318113	125.044914
n.a.	LI	KY	GB	2.510117	2.446088
BE	LU	KY	GB	2.935904	2.861014
US	LU	KY	GB	243.680027	237.464122
MY	MY	KY	GB	12.443187	12.125780
n.a.	MU	KY	GB	0.366988	0.357627
QA	QA	KY	GB	3.625731	3.533244
RU	RU	KY	GB	4.243669	4.135419
n.a.	WS	KY	GB	9.326425	9.088522
SA	SA	KY	GB	44.437027	43.303506
SG	SG	KY	GB	7.104563	6.923337
ZA	ZA	KY	GB	0.733976	0.715253
SE	SE	KY	GB	37.891003	36.924462
US	CH	KY	GB	1220.626371	1189.490057
TW	TW	KY	GB	43.126335	42.026248
TH	TH	KY	GB	64.272890	62.633387
AE	AE	KY	GB	735.385125	716.626574
IN	GB	KY	GB	18.623372	18.148318
GB	GB	KY	GB	1830.716442	1784.017662
US	GB	KY	GB	1162.686182	1133.027834
n.a.	GB	KY	GB	1.505818	1.467407
US	US	KY	GB	6239.785680	6080.618279
HK	VG	KY	GB	1.033592	1.007226
CN	VG	KY	GB	23.438428	22.840550
SG	VG	KY	GB	0.733976	0.715253
n.a.	n.a.	KY	GB	12.917876	12.588361
CL	CL	CL	GB	16.046415	80.382873
FR	FR	CL	GB	6.459948	32.360450
US	US	CL	GB	1.173290	5.877477
AU	AU	HK	GB	0.259067	0.583854
HK	BM	HK	GB	1.143228	2.576468
GB	BM	HK	GB	3.367901	7.590164
HK	KY	HK	GB	183.208954	412.893961
IN	KY	HK	GB	2.325581	5.241111
n.a.	KY	HK	GB	4.526775	10.201893
AT	HK	HK	GB	21.962098	56.423412
HK	HK	HK	GB	965.295482	2479.966344
CN	HK	HK	GB	139.989654	359.651150
KR	HK	HK	GB	48.877849	125.573385
RU	HK	HK	GB	208.660578	536.075452
TW	HK	HK	GB	8.440724	21.685288
GB	HK	HK	GB	10.409877	26.744291
US	HK	HK	GB	43.146336	110.848402
n.a.	HK	HK	GB	198.228108	509.273114
CN	CN	HK	GB	3617.480004	8152.634542
FR	FR	HK	GB	39.962388	90.062347
IN	IN	HK	GB	3.393214	7.647210
IL	IL	HK	GB	121.157685	273.050390
JP	JP	HK	GB	1.868673	4.211387
GB	JY	HK	GB	0.259067	0.583854
n.a.	LU	HK	GB	1.596806	3.598687
MY	MY	HK	GB	157.457930	354.859448
n.a.	MC	HK	GB	3.993056	8.999061
n.a.	WS	HK	GB	2.794411	6.297703
n.a.	SC	HK	GB	31.842973	71.763803
TW	TW	HK	GB	40.735667	91.805071
AE	AE	HK	GB	38.271605	86.251868
SE	GB	HK	GB	12.432985	28.019944
GB	GB	HK	GB	265.828037	599.090759
n.a.	GB	HK	GB	0.518135	1.167709
US	US	HK	GB	363.484936	819.177947
HK	VG	HK	GB	1073.328968	2418.937716
GB	VG	HK	GB	12.318730	27.762450
n.a.	VG	HK	GB	4.940246	11.133724
n.a.	n.a.	HK	GB	96.507801	217.497492
CN	HK	CN	GB	380.094127	818.580373
CN	CN	CN	GB	865.894256	1864.811877
US	US	CN	GB	3.886010	8.369011
n.a.	n.a.	CN	GB	7.276121	15.670039
CO	CO	CO	GB	228.007181	0.000000
CR	CR	CR	GB	58.743324	58.743324
AT	AT	HR	GB	1.530864	1.530864
HR	HR	HR	GB	11.344128	11.344128
BH	BH	CW	GB	3.163409	6.874746
CA	CA	CW	GB	4.134367	8.984838
CW	KY	CW	GB	0.342231	0.743740
n.a.	HK	CW	GB	4.403856	9.570494
LB	CW	CW	GB	26.041667	56.593950
SA	CW	CW	GB	13.922426	30.256324
CH	CW	CW	GB	8.288657	18.012973
GB	CW	CW	GB	17.596465	38.240773
US	CW	CW	GB	1.397206	3.036418
n.a.	CW	CW	GB	405.830991	881.955031
KW	KW	CW	GB	23.958333	52.066434
NL	NL	CW	GB	59.105390	128.448288
n.a.	NL	CW	GB	1.054729	2.292146
SA	SA	CW	GB	3.552282	7.719846
AU	AU	CY	GB	10.656845	10.987589
n.a.	BS	CY	GB	0.259067	0.267108
n.a.	BE	CY	GB	3.120101	3.216937
RU	BM	CY	GB	66.149871	68.202891
GB	BM	CY	GB	0.875502	0.902674
CA	CA	CY	GB	16.716008	17.234804
US	KY	CY	GB	15.985267	16.481384
n.a.	KY	CY	GB	2.014295	2.076810
IL	HK	CY	GB	10.642652	10.972956
CY	CY	CY	GB	227.094116	244.844212
IN	CY	CY	GB	17.761408	19.149672
IE	CY	CY	GB	29.726027	32.049469
IT	CY	CY	GB	6.972772	7.517777
LB	CY	CY	GB	10.952868	11.808965
NL	CY	CY	GB	64.186501	69.203437
NO	CY	CY	GB	45.975761	49.569311
RU	CY	CY	GB	2477.928383	2671.607850
SA	CY	CY	GB	16.453777	17.739834
RS	CY	CY	GB	137.058864	147.771638
SE	CY	CY	GB	61.261893	66.050236
CH	CY	CY	GB	64.754462	69.815790
UA	CY	CY	GB	91.362737	98.503817
GB	CY	CY	GB	13.703704	14.774811
n.a.	CY	CY	GB	307.176315	331.185785
FR	FR	CY	GB	0.733976	0.756756
DE	DE	CY	GB	1.601510	1.651214
GR	GR	CY	GB	2.308426	2.380070
US	GG	CY	GB	15.780484	16.270245
IN	IN	CY	GB	124.877908	128.753605
n.a.	IE	CY	GB	0.199601	0.205796
IT	IT	CY	GB	18.271605	18.838680
n.a.	JY	CY	GB	4.863925	5.014881
LB	LB	CY	GB	0.520833	0.536998
EG	LI	CY	GB	43.515449	44.865990
GB	LU	CY	GB	0.518135	4.182559
n.a.	LU	CY	GB	1.432425	11.563025
EG	NL	CY	GB	1.033592	1.065670
QA	QA	CY	GB	10.738068	11.071334
RU	RU	CY	GB	22.080306	22.765587
CA	SC	CY	GB	22.386268	23.081045
n.a.	SC	CY	GB	0.259067	0.267108
ES	ES	CY	GB	15.510071	15.991440
VC	VC	CY	GB	47.305389	48.773554
SE	SE	CY	GB	29.336633	30.247122
UA	UA	CY	GB	5.733680	5.911629
GB	GB	CY	GB	274.919121	283.451480
US	GB	CY	GB	9.541688	9.837823
n.a.	GB	CY	GB	18.931251	19.518799
US	US	CY	GB	581.712207	599.766162
IE	VG	CY	GB	237.808219	245.188809
n.a.	VG	CY	GB	10.965546	11.305871
n.a.	n.a.	CY	GB	13.004293	13.407893
n.a.	BE	CZ	GB	0.399202	0.166696
CZ	CZ	CZ	GB	20.774151	8.674726
DE	DE	CZ	GB	0.259067	0.108180
SK	SK	CZ	GB	0.694444	0.289981
US	US	CZ	GB	78.497409	32.778406
n.a.	VG	CZ	GB	0.296023	0.123611
DK	BS	DK	GB	62.246030	97.525682
BE	BE	DK	GB	4.144328	6.493241
BR	BR	DK	GB	1.069519	1.675698
DE	KY	DK	GB	8.383234	13.134662
DK	DK	DK	GB	6601.779551	10343.520050
FR	FR	DK	GB	5.137641	8.049541
DE	DE	DK	GB	23.979151	37.569996
US	IE	DK	GB	8.183633	12.821932
IT	IT	DK	GB	0.296023	0.463803
JP	JP	DK	GB	5.723300	8.967139
BE	LU	DK	GB	0.918519	1.439114
SE	LU	DK	GB	15.780484	24.724508
n.a.	LU	DK	GB	0.590697	0.925492
MY	MY	DK	GB	0.399202	0.625460
NL	NL	DK	GB	0.586645	0.919142
SE	NL	DK	GB	1.069519	1.675698
GB	NL	DK	GB	1.197605	1.876380
NO	NO	DK	GB	67.099196	105.129515
SE	SE	DK	GB	86.503936	135.532426
CH	CH	DK	GB	0.520833	0.816030
n.a.	CH	DK	GB	1.234568	1.934293
TW	TW	DK	GB	0.998004	1.563650
DK	GB	DK	GB	30.052389	47.085409
SE	GB	DK	GB	1.596806	2.501840
GB	GB	DK	GB	18.320128	28.703565
n.a.	GB	DK	GB	5.527978	8.661112
US	US	DK	GB	148.251366	232.276913
n.a.	n.a.	DK	GB	5.351304	8.384304
DM	DM	DM	GB	5.560866	5.560866
DO	DO	DO	GB	178.644764	0.000000
n.a.	KY	EG	GB	2.962963	0.342163
EG	EG	EG	GB	146.665437	16.936937
IN	IN	EG	GB	3.061728	0.353569
LR	LR	EG	GB	1.041667	0.120292
n.a.	n.a.	EE	GB	0.802004	0.000000
n.a.	n.a.	1	GB	0.000000	45.938900
FJ	FJ	FJ	GB	0.804141	0.000000
CA	CA	FI	GB	0.105556	0.320723
DK	DK	FI	GB	0.694444	2.110019
FI	FI	FI	GB	879.123557	2671.153378
IS	IS	FI	GB	0.347222	1.055010
IT	IT	FI	GB	0.306173	0.930284
GB	JY	FI	GB	0.779901	2.369672
NO	NO	FI	GB	0.259067	0.787157
ES	ES	FI	GB	0.258398	0.785123
SE	SE	FI	GB	20.732315	62.993642
FI	CH	FI	GB	0.821355	2.495629
GB	GB	FI	GB	0.518135	1.574315
n.a.	GB	FI	GB	1.480117	4.497229
US	US	FI	GB	141.494366	429.920404
n.a.	n.a.	FI	GB	5.577758	16.947615
AU	AU	FR	GB	65.690851	87.129770
AT	AT	FR	GB	2.777778	3.684336
BE	BE	FR	GB	1.024116	1.358347
FR	BE	FR	GB	0.868056	1.151355
n.a.	BE	FR	GB	11.894569	15.776490
US	BM	FR	GB	1.252540	1.661320
CA	CA	FR	GB	9.038064	11.987733
FR	KY	FR	GB	0.534759	0.709284
CL	CL	FR	GB	1.776141	2.355804
CN	CN	FR	GB	3.256258	4.318973
DK	DK	FR	GB	0.050000	0.066318
EG	EG	FR	GB	0.259067	0.343617
FR	FR	FR	GB	70699.813030	93773.461310
DE	DE	FR	GB	203.864718	270.398173
GB	GG	FR	GB	7.444712	9.874374
IN	IN	FR	GB	0.173611	0.230271
IE	IE	FR	GB	18.349400	24.337925
GB	IE	FR	GB	3.100775	4.112747
US	IE	FR	GB	0.868056	1.151355
IL	IL	FR	GB	4.392765	5.826391
IT	IT	FR	GB	60.667606	80.467135
JP	JP	FR	GB	43.297124	57.427609
IT	JY	FR	GB	0.173611	0.230271
GB	JY	FR	GB	18.738434	24.853925
KR	KR	FR	GB	3.393214	4.500626
LB	LB	FR	GB	16.227160	21.523070
FR	LU	FR	GB	5.286597	7.011935
DE	LU	FR	GB	0.534759	0.709284
IN	LU	FR	GB	24.026946	31.868400
ZA	LU	FR	GB	7.291667	9.671381
CH	LU	FR	GB	3.669880	4.867585
GB	LU	FR	GB	21.946153	29.108517
US	LU	FR	GB	41.043341	54.438279
n.a.	LU	FR	GB	6.056321	8.032867
BE	NL	FR	GB	327.973187	435.010782
FR	NL	FR	GB	1115.383836	1479.401409
NL	NL	FR	GB	7.389685	9.801388
US	NL	FR	GB	12.299465	16.313529
n.a.	NL	FR	GB	1.419974	1.883398
NO	NO	FR	GB	1.796407	2.382684
PT	PT	FR	GB	0.259067	0.343617
RU	RU	FR	GB	23.575309	31.269365
SG	SG	FR	GB	4.521893	5.997661
ES	ES	FR	GB	10.619889	14.085804
SE	SE	FR	GB	38.541667	51.120156
CH	CH	FR	GB	2738.835705	3632.684346
US	CH	FR	GB	22.019280	29.205509
n.a.	CH	FR	GB	1.944593	2.579232
TW	TW	FR	GB	3.208556	4.255703
TH	TH	FR	GB	40.368679	53.543434
FR	GB	FR	GB	376.810484	499.786659
GB	GB	FR	GB	4590.215353	6088.281755
n.a.	GB	FR	GB	7.551744	10.016337
US	US	FR	GB	1434.992427	1903.317718
n.a.	VG	FR	GB	0.399202	0.529485
n.a.	n.a.	FR	GB	190.927272	253.238452
n.a.	GB	GE	GB	0.296023	0.000000
AU	AU	DE	GB	54.273950	49.989946
AT	AT	DE	GB	105.953841	97.590590
BE	BE	DE	GB	3.792415	3.493069
CN	BM	DE	GB	10.360821	9.543011
n.a.	BM	DE	GB	0.592047	0.545315
BG	BG	DE	GB	6.457065	5.947389
CA	CA	DE	GB	18.808431	17.323825
CN	KY	DE	GB	1.197605	1.103074
US	KY	DE	GB	1.259152	1.159764
HK	HK	DE	GB	1.645258	1.515393
CN	HK	DE	GB	1.069519	0.985098
n.a.	HK	DE	GB	8.290155	7.635789
CN	CN	DE	GB	33.499004	30.854828
DK	DK	DE	GB	0.173611	0.159907
FI	FI	DE	GB	1.770417	1.630673
FR	FR	DE	GB	82.966240	76.417469
DE	DE	DE	GB	83814.263450	77198.555060
GB	GG	DE	GB	5.640026	5.194842
US	GG	DE	GB	8.782435	8.089211
n.a.	GG	DE	GB	6.062296	5.583781
IN	IN	DE	GB	0.555091	0.511276
IR	IR	DE	GB	0.173611	0.159907
IE	IE	DE	GB	3.128774	2.881810
US	IE	DE	GB	6.071409	5.592174
n.a.	IE	DE	GB	0.868056	0.799537
IL	IL	DE	GB	2.594810	2.389994
IT	IT	DE	GB	112.030775	103.187854
JP	JP	DE	GB	293.541979	270.371840
SE	JY	DE	GB	7.339760	6.760411
GB	JY	DE	GB	1.693596	1.559916
n.a.	JY	DE	GB	6.695692	6.167181
KR	KR	DE	GB	88.624424	81.629036
n.a.	LI	DE	GB	0.694444	0.639630
DE	LU	DE	GB	74.353399	68.484465
IN	LU	DE	GB	5.988024	5.515371
GB	LU	DE	GB	2.951389	2.718427
US	LU	DE	GB	49.565169	45.652843
n.a.	LU	DE	GB	20.733517	19.096959
MX	MX	DE	GB	0.033417	0.030779
FR	NL	DE	GB	0.518135	0.477237
NL	NL	DE	GB	1.944029	1.790581
US	NL	DE	GB	2.395210	2.206149
n.a.	NL	DE	GB	8.033832	7.399698
NO	NO	DE	GB	45.824292	42.207245
RU	RU	DE	GB	961.117000	885.253184
ZA	ZA	DE	GB	1.837037	1.692034
ES	ES	DE	GB	80.367543	74.023894
SE	SE	DE	GB	3.108888	2.863494
DE	CH	DE	GB	8.506944	7.835466
CH	CH	DE	GB	69.108377	63.653448
n.a.	CH	DE	GB	6.396661	5.891754
DE	GB	DE	GB	1.796407	1.654611
ZA	GB	DE	GB	0.296023	0.272657
GB	GB	DE	GB	1849.771166	1703.763242
US	GB	DE	GB	0.694444	0.639630
n.a.	GB	DE	GB	4.339097	3.996599
US	US	DE	GB	1982.265305	1825.799225
n.a.	n.a.	DE	GB	3.268176	3.010209
GH	GH	GH	GB	0.303091	0.303091
AE	AE	GH	GB	5.432099	5.432099
n.a.	BM	GI	GB	0.777202	0.342509
CA	CA	GI	GB	8.073736	3.558052
SE	CY	GI	GB	22.285060	9.820907
FR	FR	GI	GB	538.371385	237.257393
CN	GI	GI	GB	14.905783	6.752793
IT	GI	GI	GB	0.327514	0.148374
SG	GI	GI	GB	36.331811	16.459463
GB	GI	GI	GB	145.568152	65.946991
n.a.	GI	GI	GB	143.707104	65.103877
GB	IM	GI	GB	6.395366	2.818404
n.a.	IM	GI	GB	0.273785	0.120656
IT	IT	GI	GB	10.882957	4.796061
SA	LI	GI	GB	35.339508	15.573932
NZ	NZ	GI	GB	1.467952	0.646919
ZA	ZA	GI	GB	0.694444	0.306038
AE	AE	GI	GB	1.036269	0.456678
GB	GB	GI	GB	49.428513	21.782882
US	GB	GI	GB	13.824057	6.092188
n.a.	GB	GI	GB	6.323596	2.786775
US	US	GI	GB	245.356990	108.127515
GB	VG	GI	GB	3077.163904	1356.089693
GR	BE	GR	GB	34.331337	18.055021
GR	GR	GR	GB	2529.978160	1330.528069
SA	SA	GR	GB	0.888070	0.467041
GB	GB	GR	GB	0.296023	0.155680
US	US	GR	GB	1.530864	0.805089
n.a.	n.a.	GT	GB	0.000000	8766.920400
n.a.	n.a.	GG	GB	0.000000	9765.721000
DE	DE	HU	GB	0.259067	0.273108
HU	HU	HU	GB	2.083333	2.196243
GB	HU	HU	GB	14.371257	15.150132
n.a.	HU	HU	GB	9.096350	9.589342
IL	IL	HU	GB	79.926335	84.258075
US	US	HU	GB	37.646582	39.686901
IS	IS	IS	GB	124.588170	564.449211
n.a.	LU	IS	GB	3.993056	18.090619
n.a.	NL	IS	GB	7.986111	36.181237
n.a.	GB	IS	GB	0.296023	1.341140
n.a.	n.a.	IS	GB	2.151032	9.745293
DK	DK	IN	GB	0.694444	0.716025
FR	FR	IN	GB	0.399202	0.411607
DE	DE	IN	GB	0.259067	0.267118
IN	IN	IN	GB	13545.675500	13966.613040
US	LU	IN	GB	0.888070	0.915668
HK	MU	IN	GB	3.108808	3.205416
IN	MU	IN	GB	58.761340	60.587373
US	MU	IN	GB	0.777202	0.801354
SG	SG	IN	GB	17.594255	18.141004
AE	AE	IN	GB	0.259067	0.267118
JP	GB	IN	GB	10.590278	10.919375
GB	GB	IN	GB	338.921342	349.453464
US	US	IN	GB	92.025309	94.885034
n.a.	n.a.	IN	GB	0.598802	0.617410
ID	ID	ID	GB	57.453620	0.000000
IR	IR	IR	GB	134.244592	0.000000
AU	AU	IE	GB	4.383742	4.827379
BH	BH	IE	GB	2.600958	2.864177
BE	BE	IE	GB	5.475702	6.029846
n.a.	BE	IE	GB	4.286420	4.720208
GB	BM	IE	GB	0.197992	0.218029
US	BM	IE	GB	24.426663	26.898656
n.a.	BM	IE	GB	2.072539	2.282281
CA	CA	IE	GB	1.759779	1.937869
US	KY	IE	GB	54.185990	59.669645
n.a.	KY	IE	GB	0.638223	0.702812
n.a.	HK	IE	GB	0.306173	0.337158
CN	CN	IE	GB	24.865971	27.382422
CH	CY	IE	GB	1.036269	1.141141
n.a.	CY	IE	GB	0.173611	0.191181
DK	DK	IE	GB	0.590501	0.650260
FR	FR	IE	GB	86.568123	95.328869
DE	DE	IE	GB	146.408964	161.225639
US	GG	IE	GB	19.393233	21.355840
HK	IE	IE	GB	27.446954	30.363774
FR	IE	IE	GB	9.904489	10.957051
IE	IE	IE	GB	10386.567130	11490.359870
IT	IE	IE	GB	39.572193	43.777576
NL	IE	IE	GB	107.407407	118.821719
ES	IE	IE	GB	794.567901	879.007570
GB	IE	IE	GB	244.513916	270.498698
US	IE	IE	GB	296.719325	328.252038
n.a.	IE	IE	GB	541.593638	599.149433
IE	IM	IE	GB	108.507517	119.488543
GB	IM	IE	GB	18.181818	20.021829
n.a.	IM	IE	GB	4.074615	4.486968
IT	IT	IE	GB	0.296023	0.325981
JP	JP	IE	GB	55.253656	60.845359
IE	JY	IE	GB	256.720221	282.700463
GB	JY	IE	GB	2720.604757	2995.931598
n.a.	JY	IE	GB	10.621722	11.696647
KR	KR	IE	GB	12.500000	13.765008
FR	LU	IE	GB	14.248705	15.690682
IE	LU	IE	GB	489.000750	538.487921
GB	LU	IE	GB	12.318314	13.564935
US	LU	IE	GB	13.178295	14.511946
n.a.	LU	IE	GB	0.197713	0.217722
n.a.	MT	IE	GB	0.011647	0.012825
IE	NL	IE	GB	12.729009	14.017192
NL	NL	IE	GB	4.888709	5.383449
RU	NL	IE	GB	52.967901	58.328285
US	NL	IE	GB	61.398964	67.612576
n.a.	NL	IE	GB	1.325029	1.459123
NO	NO	IE	GB	5.207538	5.734544
RU	RU	IE	GB	6.512516	7.171587
SG	SG	IE	GB	28.175451	31.026824
ZA	ZA	IE	GB	0.296023	0.325981
ES	ES	IE	GB	0.391097	0.430676
SE	SE	IE	GB	2.109323	2.322788
CH	CH	IE	GB	3.530422	3.887703
n.a.	CH	IE	GB	0.790852	0.870887
AE	AE	IE	GB	1.209234	1.331610
IE	GB	IE	GB	111.564350	122.854729
GB	GB	IE	GB	479.515814	528.043103
n.a.	GB	IE	GB	49.536077	54.549157
US	US	IE	GB	3506.186897	3861.015125
HK	VG	IE	GB	121.473026	133.766169
IE	VG	IE	GB	43.908029	48.351548
n.a.	VG	IE	GB	1.185367	1.305327
n.a.	n.a.	IE	GB	262.211030	288.746945
GB	BM	IM	GB	57.604010	326.979258
CA	CA	IM	GB	15.331964	87.029260
FR	FR	IM	GB	0.205339	1.165570
IN	IN	IM	GB	0.347222	1.970947
US	IE	IM	GB	89.912058	510.370338
LR	LR	IM	GB	0.259067	1.470551
n.a.	LU	IM	GB	4.664495	26.477203
MY	MY	IM	GB	521.122949	2958.064814
NO	NO	IM	GB	0.508921	2.888800
n.a.	PA	IM	GB	2.737677	15.539952
SA	SA	IM	GB	13.559953	76.970740
SG	SG	IM	GB	4.935181	28.013705
ZA	ZA	IM	GB	57.032214	323.733554
ES	ES	IM	GB	232.098765	1317.468732
KN	KN	IM	GB	0.197713	1.122284
CH	CH	IM	GB	27.544910	156.353946
US	US	IM	GB	7.850065	44.559545
CN	CN	IL	GB	1.834940	2.085214
IL	CW	IL	GB	4.144328	4.709589
US	IE	IL	GB	0.592047	0.672798
IL	IL	IL	GB	832.270410	945.786863
n.a.	NL	IL	GB	5.588822	6.351103
CH	CH	IL	GB	3.993056	4.537683
US	US	IL	GB	36.880955	41.911286
n.a.	n.a.	IL	GB	0.136893	0.155564
AT	AT	IT	GB	0.313194	0.208887
n.a.	BE	IT	GB	0.731779	0.488066
NL	BM	IT	GB	0.694444	0.463165
BR	BR	IT	GB	4.242315	2.829444
CA	CA	IT	GB	1.534326	1.023330
n.a.	KY	IT	GB	0.004397	0.002933
CN	HK	IT	GB	280.911772	187.356244
FR	FR	IT	GB	49.950666	33.314977
DE	DE	IT	GB	2.574095	1.716812
n.a.	GG	IT	GB	1.687567	1.125536
US	IE	IT	GB	1.036269	0.691148
IT	IT	IT	GB	7503.305566	5004.386743
JP	JP	IT	GB	44.611156	29.753750
IT	JY	IT	GB	52.219908	38.519357
n.a.	JY	IT	GB	10.229563	7.545708
EG	LU	IT	GB	0.888070	0.592305
FR	LU	IT	GB	3.151779	2.102103
IT	LU	IT	GB	31.852271	21.244114
PT	LU	IT	GB	0.347222	0.231583
QA	LU	IT	GB	11.764706	7.846560
US	LU	IT	GB	5.958549	3.974100
n.a.	LU	IT	GB	4.529782	3.021172
MY	MY	IT	GB	2.083333	1.389495
IT	MC	IT	GB	45.967952	30.658675
IT	NL	IT	GB	151.899049	101.310227
n.a.	NL	IT	GB	9.326425	6.220330
QA	QA	IT	GB	1.604278	1.069985
CH	CH	IT	GB	10.813080	7.211866
n.a.	CH	IT	GB	0.592047	0.394870
IT	GB	IT	GB	22.974444	15.322980
GB	GB	IT	GB	15.148395	10.103338
US	GB	IT	GB	4961.520715	3309.123995
US	US	IT	GB	1019.414560	679.906298
n.a.	n.a.	IT	GB	12.857645	8.575504
CA	CA	JM	GB	1.562500	3.991965
JM	JM	JM	GB	3.657791	9.345135
JP	JP	JP	GB	72643.811640	67631.779150
CH	CH	JP	GB	103.123626	96.008650
US	US	JP	GB	1.041667	0.969797
n.a.	BM	JY	GB	1.848049	1.848049
CH	JY	JY	GB	16.563997	16.563997
GB	JY	JY	GB	4967.360904	4967.360904
n.a.	JY	JY	GB	0.179533	0.179533
US	US	JY	GB	156.312128	156.312128
n.a.	n.a.	JY	GB	0.000000	68348.120190
JO	JO	JO	GB	36.755647	36.755647
CH	JY	KZ	GB	1.834940	1.834940
KZ	KZ	KZ	GB	1.599310	1.599310
KE	KE	KE	GB	0.296023	0.000000
KR	KR	KR	GB	2106.313888	3595.427792
GB	GB	KR	GB	3.626943	6.191106
US	US	KR	GB	3.993056	6.816051
n.a.	n.a.	KR	GB	3.467624	5.919151
KW	KW	KW	GB	267.828229	400.113000
n.a.	n.a.	LV	GB	5.925926	5.925926
LB	LB	LB	GB	30.442009	90.395900
n.a.	HK	LR	GB	3.980247	3.980247
LR	LR	LR	GB	575.942331	575.942331
MY	MY	LR	GB	1.184094	1.184094
RU	RU	LR	GB	0.306173	0.306173
SA	SA	LR	GB	0.197713	0.197713
n.a.	GB	LR	GB	0.781673	0.781673
LY	LY	LY	GB	335.801840	335.801840
CL	CL	LI	GB	2300.718133	3301.890029
FR	FR	LI	GB	0.195548	0.280642
DE	DE	LI	GB	2.960235	4.248399
AT	LI	LI	GB	187.296831	313.508322
IN	LI	LI	GB	10.362694	17.345680
LI	LI	LI	GB	54.644793	91.467631
SA	LI	LI	GB	15.069827	25.224752
ZA	LI	LI	GB	10.814511	18.101956
SE	LI	LI	GB	4.898765	8.199838
GB	LI	LI	GB	154.550223	258.695146
n.a.	LI	LI	GB	70.356682	117.767104
CN	CN	LT	GB	3.792415	3.792415
IN	IN	LT	GB	1.197605	1.197605
LT	LT	LT	GB	5.350085	5.350085
AU	AU	LU	GB	1583.483789	1848.505444
n.a.	BS	LU	GB	2.943190	3.435780
BE	BE	LU	GB	548.593420	640.409413
CH	BE	LU	GB	6.994819	8.165515
n.a.	BE	LU	GB	4.094518	4.779802
AU	BM	LU	GB	25.689159	29.988656
CA	BM	LU	GB	0.593139	0.692411
HK	BM	LU	GB	37.661230	43.964446
US	BM	LU	GB	480.620155	561.059721
n.a.	BM	LU	GB	9.375000	10.944058
BR	BR	LU	GB	1.834940	2.142047
CA	CA	LU	GB	213.526283	249.263365
BH	KY	LU	GB	13.321056	15.550550
CA	KY	LU	GB	124.115719	144.888494
CN	KY	LU	GB	11.682911	13.638235
FI	KY	LU	GB	30.381944	35.466855
FR	KY	LU	GB	8.501663	9.924554
TH	KY	LU	GB	2.590674	3.024265
US	KY	LU	GB	1643.631164	1918.719457
n.a.	KY	LU	GB	39.214054	45.777161
CN	CN	LU	GB	18.477440	21.569938
n.a.	CW	LU	GB	1.550388	1.809870
UA	CY	LU	GB	384.740783	449.133383
n.a.	CY	LU	GB	0.694444	0.810671
CZ	CZ	LU	GB	110.584795	129.092952
FR	FR	LU	GB	276.893702	323.236347
DE	DE	LU	GB	457.215197	533.737564
IT	GI	LU	GB	1404.463048	1639.522683
GR	GR	LU	GB	8.039922	9.385533
GB	GG	LU	GB	1264.755191	1476.432454
n.a.	GG	LU	GB	0.296023	0.345568
IN	IN	LU	GB	0.592047	0.691136
IE	IE	LU	GB	85.269453	99.540677
RU	IE	LU	GB	17.764471	20.737643
US	IE	LU	GB	2894.424379	3378.853171
n.a.	IE	LU	GB	0.173611	0.202668
US	IM	LU	GB	169.181465	197.496722
IT	IT	LU	GB	321.653003	375.486842
JP	JP	LU	GB	477.328747	557.217443
RU	JY	LU	GB	3.848305	4.497816
SE	JY	LU	GB	92.718573	108.367475
GB	JY	LU	GB	2330.157469	2723.437950
KR	KR	LU	GB	298.403194	348.345800
US	LI	LU	GB	202.655915	236.573665
AR	LU	LU	GB	1.530591	1.796228
AT	LU	LU	GB	7.339760	8.613589
AZ	LU	LU	GB	10.370370	12.170167
BE	LU	LU	GB	108.035726	126.785524
CA	LU	LU	GB	19.865176	23.312814
HK	LU	LU	GB	55.308642	64.907558
EG	LU	LU	GB	47.715249	55.996318
FR	LU	LU	GB	776.165709	910.870692
DE	LU	LU	GB	192.911443	226.391578
IN	LU	LU	GB	135.260276	158.734945
IT	LU	LU	GB	153.389133	180.010098
LB	LU	LU	GB	0.518135	0.608058
LU	LU	LU	GB	71.085874	83.422958
NG	LU	LU	GB	41.623489	48.847321
PT	LU	LU	GB	6.558724	7.697003
QA	LU	LU	GB	120.005074	140.832174
RU	LU	LU	GB	14.561921	17.089170
SA	LU	LU	GB	0.740741	0.869298
SG	LU	LU	GB	14.645558	17.187322
ZA	LU	LU	GB	310.471842	364.354799
ES	LU	LU	GB	213.829889	250.940458
SE	LU	LU	GB	261.495896	306.878988
CH	LU	LU	GB	63.394789	74.397070
GB	LU	LU	GB	5627.256092	6603.876711
US	LU	LU	GB	3738.585550	4387.423931
n.a.	LU	LU	GB	1268.433624	1488.572607
n.a.	MT	LU	GB	0.868056	1.013339
n.a.	MH	LU	GB	1.834940	2.142047
IT	NL	LU	GB	203.439508	237.488405
NL	NL	LU	GB	944.610872	1102.706799
US	NL	LU	GB	319.459087	372.925738
n.a.	NL	LU	GB	9.995681	11.668620
NZ	NZ	LU	GB	26.106050	30.475321
OM	OM	LU	GB	1.480117	1.727839
PL	PL	LU	GB	0.306173	0.357416
PT	PT	LU	GB	1.857722	2.168642
QA	QA	LU	GB	821.418971	958.896738
RU	RU	LU	GB	16.746353	19.549126
SA	SA	LU	GB	16.873337	19.697364
ZA	ZA	LU	GB	137.342886	160.329443
ES	ES	LU	GB	320.498912	374.139595
SE	SE	LU	GB	198.210517	231.384257
BR	CH	LU	GB	0.068446	0.079902
DK	CH	LU	GB	458.001015	534.654901
DE	CH	LU	GB	10.952868	12.786008
CH	CH	LU	GB	560.204421	653.963703
US	CH	LU	GB	1.574264	1.837743
n.a.	CH	LU	GB	8.318974	9.711289
TR	TR	LU	GB	1.396987	1.630796
AE	AE	LU	GB	5.695538	6.648779
IN	GB	LU	GB	1078.089092	1258.524760
ZA	GB	LU	GB	1885.152670	2200.663497
GB	GB	LU	GB	7760.150309	9058.937132
US	GB	LU	GB	2498.893771	2917.124110
n.a.	GB	LU	GB	56.162488	65.562189
US	US	LU	GB	36577.621070	42699.478300
HK	VG	LU	GB	6835.696775	7979.761328
n.a.	VG	LU	GB	7.660778	8.942933
n.a.	n.a.	LU	GB	5.868654	6.850868
n.a.	n.a.	MW	GB	0.083861	0.000000
CN	CN	MY	GB	1.996008	0.973858
MY	MY	MY	GB	2167.100031	1057.334248
SG	SG	MY	GB	0.259067	0.126400
US	US	MY	GB	3.758638	1.833850
n.a.	n.a.	MY	GB	4.619659	2.253945
CA	CA	MT	GB	1.554404	1.086648
n.a.	HK	MT	GB	0.296023	0.206943
US	CY	MT	GB	8.549223	5.976562
FR	FR	MT	GB	3.367876	2.354403
GB	IE	MT	GB	40.414508	28.252838
n.a.	JY	MT	GB	2.568916	1.795869
n.a.	LI	MT	GB	2.530816	1.769234
ZA	LU	MT	GB	1087.165775	760.012192
n.a.	LU	MT	GB	2.449383	1.712306
DE	MT	MT	GB	122.110806	85.364812
IN	MT	MT	GB	51.215278	35.803404
MT	MT	MT	GB	11.866922	8.295888
ES	MT	MT	GB	10.952868	7.656894
SE	MT	MT	GB	58.505185	40.899608
GB	MT	MT	GB	33.541011	23.447737
US	MT	MT	GB	22.793807	15.934618
n.a.	MT	MT	GB	49.762031	34.787473
LY	MU	MT	GB	9.472751	6.622179
n.a.	PA	MT	GB	0.224238	0.156760
SE	SE	MT	GB	9.326425	6.519886
GB	GB	MT	GB	316.296296	221.115350
US	GB	MT	GB	8.976661	6.275374
n.a.	GB	MT	GB	0.517465	0.361748
US	US	MT	GB	2.200879	1.538583
n.a.	VG	MT	GB	0.259067	0.181108
n.a.	n.a.	MT	GB	4.262457	2.979784
CA	CA	MH	GB	10.771993	0.918090
MY	MY	MH	GB	1.077199	0.091809
GR	MH	MH	GB	0.353144	0.031605
NO	MH	MH	GB	216.074315	19.337593
US	MH	MH	GB	14.221404	1.272746
n.a.	MH	MH	GB	3.772021	0.337577
GB	GB	MH	GB	47.287510	4.030283
US	US	MH	GB	1920.178500	163.655520
n.a.	n.a.	MH	GB	0.093595	0.007977
n.a.	KY	MU	GB	0.136893	0.063938
FR	FR	MU	GB	50.259067	23.474321
IN	IN	MU	GB	391.961260	183.071927
GB	JY	MU	GB	0.777202	0.363005
MY	MY	MU	GB	2.513465	1.173955
LY	MU	MU	GB	21.916661	10.236536
MU	MU	MU	GB	0.296023	0.138263
GB	MU	MU	GB	57.380162	26.800345
ZW	MU	MU	GB	53.252156	24.872292
n.a.	MU	MU	GB	58.704109	27.418716
NL	NL	MU	GB	196.006944	91.548254
ZA	ZA	MU	GB	36.899799	17.234655
CH	GB	MU	GB	0.071106	0.033211
GB	GB	MU	GB	4.847397	2.264056
n.a.	GB	MU	GB	0.010582	0.004943
US	US	MU	GB	19.691818	9.197386
IN	LU	MX	GB	0.888070	0.888070
MX	MX	MX	GB	410.723393	410.723393
US	US	MX	GB	30.527036	30.527036
LR	LR	MC	GB	79.911111	0.000000
GB	MC	MC	GB	27.776780	0.000000
n.a.	MC	MC	GB	23.151517	0.000000
n.a.	n.a.	MC	GB	2.052715	0.000000
MA	MA	MA	GB	45.342789	45.342789
NA	NA	NA	GB	2.592998	2.592998
AG	AG	NL	GB	1.234568	3.004803
AU	AU	NL	GB	1455.476406	3542.470001
AT	AT	NL	GB	111.468911	271.303107
BE	BE	NL	GB	133.436005	324.768606
GB	BE	NL	GB	8.699376	21.173327
n.a.	BE	NL	GB	11.746131	28.588795
HK	BM	NL	GB	20.207407	49.182614
NL	BM	NL	GB	59.615692	145.098059
GB	BM	NL	GB	1840.041242	4478.458650
US	BM	NL	GB	799.746874	1946.496210
n.a.	BM	NL	GB	5.290238	12.875860
BR	BR	NL	GB	19.667570	47.868710
BN	BN	NL	GB	1084.816506	2640.324442
CA	CA	NL	GB	935.039407	2275.783403
CA	KY	NL	GB	27.555556	67.067201
HK	KY	NL	GB	3.980247	9.687485
CN	KY	NL	GB	8.807712	21.437005
FR	KY	NL	GB	75.242224	183.131324
IN	KY	NL	GB	2.368188	5.763909
MY	KY	NL	GB	10.028831	24.409076
US	KY	NL	GB	84.978226	206.827685
n.a.	KY	NL	GB	6.099207	14.844801
ID	HK	NL	GB	27.648115	67.292480
CN	CN	NL	GB	195.452986	475.711140
IL	CW	NL	GB	2.590674	6.305415
NL	CW	NL	GB	552.687376	1345.180478
GB	CW	NL	GB	717.356877	1745.967992
US	CW	NL	GB	788.723406	1919.666299
n.a.	CW	NL	GB	14.794132	36.007296
CZ	CY	NL	GB	127.109515	309.370625
RO	CY	NL	GB	0.175063	0.426085
US	CY	NL	GB	13.025032	31.701501
n.a.	CY	NL	GB	8.611734	20.960017
CZ	CZ	NL	GB	1.397206	3.400645
DK	DK	NL	GB	17.037037	41.466280
FI	FI	NL	GB	36.331811	88.427645
FR	FR	NL	GB	1867.765234	4545.935808
DE	DE	NL	GB	1874.913286	4563.333381
n.a.	GI	NL	GB	5.745063	13.982853
GR	GR	NL	GB	213.432917	519.472321
GB	GG	NL	GB	478.775101	1165.286105
US	GG	NL	GB	64.956875	158.097911
HU	HU	NL	GB	82.672415	201.215596
US	HU	NL	GB	72.229725	175.799232
IS	IS	NL	GB	23.120244	56.272138
IN	IN	NL	GB	103.723869	252.452524
AU	IE	NL	GB	2.368188	5.763909
FR	IE	NL	GB	16.248120	39.546142
IE	IE	NL	GB	111.194127	270.634315
GB	IE	NL	GB	289.253936	704.012367
US	IE	NL	GB	7.864479	19.141281
IL	IL	NL	GB	2719.476031	6618.906510
IT	IT	NL	GB	88.638143	215.735521
JP	JP	NL	GB	2656.403390	6465.394616
CA	JY	NL	GB	37.891003	92.222548
RU	JY	NL	GB	1.596806	3.886452
SE	JY	NL	GB	67.892779	165.243580
CH	JY	NL	GB	19.444444	47.325646
GB	JY	NL	GB	5357.628759	13039.881020
US	JY	NL	GB	10.160428	24.729367
n.a.	JY	NL	GB	2.072164	5.043421
KR	KR	NL	GB	1.038968	2.528734
KW	KW	NL	GB	12.305194	29.949494
n.a.	LI	NL	GB	0.197713	0.481212
DZ	LU	NL	GB	19.135802	46.577762
DE	LU	NL	GB	2.654277	6.460679
IN	LU	NL	GB	7.812500	19.016122
KZ	LU	NL	GB	1202.154399	2926.120353
NL	LU	NL	GB	24.161533	58.810710
NO	LU	NL	GB	2142.108913	5214.029491
PT	LU	NL	GB	16.577314	40.350238
SE	LU	NL	GB	38.166751	92.900303
GB	LU	NL	GB	35.769199	87.064509
US	LU	NL	GB	111.810233	272.153228
n.a.	LU	NL	GB	28.486300	69.337468
MX	MX	NL	GB	146.061221	355.496999
MC	MC	NL	GB	3.592814	8.744516
BH	NL	NL	GB	0.998004	2.429292
HK	NL	NL	GB	1.147138	2.792306
CN	NL	NL	GB	1371.724624	3338.984835
CZ	NL	NL	GB	11.427611	27.816531
EG	NL	NL	GB	529.406241	1288.654718
FR	NL	NL	GB	325.613584	792.592623
DE	NL	NL	GB	105.048911	255.704910
IS	NL	NL	GB	17.037037	41.470720
IE	NL	NL	GB	2.858121	6.957098
IT	NL	NL	GB	292.936889	713.052616
JP	NL	NL	GB	379.104013	922.796404
NL	NL	NL	GB	12531.117360	30502.631570
NO	NL	NL	GB	2.604167	6.338935
ES	NL	NL	GB	11.391076	27.727599
SE	NL	NL	GB	30.379181	73.947514
TR	NL	NL	GB	154.181843	375.301884
GB	NL	NL	GB	1871.692720	4555.982664
US	NL	NL	GB	1125.450675	2739.516860
n.a.	NL	NL	GB	692.389161	1685.379752
NZ	NZ	NL	GB	1.420226	3.456675
NG	NG	NL	GB	0.592047	1.440977
NO	NO	NL	GB	4.703768	11.448455
ZA	PA	NL	GB	1.461195	3.556388
n.a.	PA	NL	GB	4.440352	10.807330
PH	PH	NL	GB	0.479124	1.166135
PL	PL	NL	GB	0.781673	1.902506
RO	RO	NL	GB	1.480117	3.602443
RU	RU	NL	GB	21.328169	51.910425
SA	SA	NL	GB	330.718132	804.931675
SG	SG	NL	GB	129.684430	315.637685
ZA	ZA	NL	GB	26.593201	64.724935
ES	ES	NL	GB	104.019259	253.171473
LK	LK	NL	GB	0.259067	0.630542
SE	SE	NL	GB	642.121388	1562.853059
SE	CH	NL	GB	24.824663	60.420507
CH	CH	NL	GB	1330.508386	3238.311542
US	CH	NL	GB	83.341695	202.844547
n.a.	CH	NL	GB	5.755341	14.007868
TW	TW	NL	GB	5.208333	12.676512
TR	TR	NL	GB	0.399202	0.971613
UA	UA	NL	GB	452.018594	1100.163700
AE	AE	NL	GB	215.505082	524.515742
AU	GB	NL	GB	198.173516	482.332611
IE	GB	NL	GB	13.464991	32.772312
KZ	GB	NL	GB	228.234090	555.496754
NZ	GB	NL	GB	51.011331	124.155987
ZA	GB	NL	GB	1.813472	4.413791
GB	GB	NL	GB	6896.750429	16785.934420
US	GB	NL	GB	922.667827	2245.672334
n.a.	GB	NL	GB	10.979452	26.722783
US	US	NL	GB	34256.942110	83377.641330
HK	VG	NL	GB	491.029934	1195.113025
US	VG	NL	GB	15.508021	37.744824
n.a.	VG	NL	GB	0.547570	1.332726
n.a.	n.a.	NL	GB	32.173999	78.307986
AU	AU	NZ	GB	0.588810	0.281820
CW	KY	NZ	GB	0.395426	0.189261
CN	CN	NZ	GB	15.451389	7.395444
DE	DE	NZ	GB	1.069519	0.511900
JP	JP	NZ	GB	12.029067	5.757430
NZ	NZ	NZ	GB	2290.857631	1096.465173
SG	SG	NZ	GB	1.295337	0.619983
n.a.	CH	NZ	GB	1.467952	0.702601
GB	GB	NZ	GB	2.469136	1.181794
n.a.	GB	NZ	GB	1.036269	0.495986
US	US	NZ	GB	448.511191	214.669342
n.a.	n.a.	NZ	GB	1.776141	0.850108
NG	NG	NG	GB	394.335258	394.335258
AT	AT	NO	GB	5.958549	14.783008
n.a.	BE	NO	GB	0.554421	1.375505
NO	BM	NO	GB	0.205339	0.509440
CN	CN	NO	GB	1.554404	3.856437
FR	FR	NO	GB	0.306173	0.759607
DE	DE	NO	GB	76.122083	188.856939
JP	JP	NO	GB	5.331559	13.227462
SE	JY	NO	GB	0.366988	0.910488
n.a.	JY	NO	GB	0.296023	0.734427
SE	LU	NO	GB	27.891087	69.197074
NO	MH	NO	GB	1.077199	2.672504
n.a.	NL	NO	GB	2.944347	7.304848
NO	NO	NO	GB	2943.899365	7303.738994
SE	SE	NO	GB	4.198958	10.417507
n.a.	CH	NO	GB	0.347222	0.861449
AE	AE	NO	GB	1.295337	3.213697
n.a.	GB	NO	GB	2.961059	7.346312
US	US	NO	GB	45.654479	113.267595
n.a.	n.a.	NO	GB	2.346580	5.821805
OM	OM	OM	GB	59.925039	4.391907
AE	AE	OM	GB	0.733976	0.053793
PK	PK	PK	GB	33.662675	10.216455
AE	AE	PK	GB	0.516796	0.156845
n.a.	BS	PA	GB	7.960494	3.746629
US	BM	PA	GB	2.072164	0.975270
n.a.	BM	PA	GB	0.182222	0.085763
CL	CL	PA	GB	0.612346	0.288202
LB	LB	PA	GB	9.548611	4.494080
SE	LI	PA	GB	0.306173	0.144101
ZA	LU	PA	GB	503.507526	236.977216
PK	PA	PA	GB	286.714542	138.509188
ES	PA	PA	GB	7.104563	3.432150
GB	PA	PA	GB	286.618221	138.462657
US	PA	PA	GB	3.691310	1.783238
n.a.	PA	PA	GB	111.106941	53.674753
US	CH	PA	GB	0.897666	0.422489
US	US	PA	GB	524.474074	246.845180
GB	VG	PA	GB	2.130963	1.002944
n.a.	VG	PA	GB	4.215293	1.983939
FR	LU	PH	GB	24.569947	2.536075
MY	MY	PH	GB	68.983957	7.120426
PH	PH	PH	GB	78.729032	8.126299
US	KY	PL	GB	1.397206	2.943256
FR	FR	PL	GB	0.077232	0.162692
n.a.	LU	PL	GB	0.246914	0.520131
n.a.	NL	PL	GB	1.291990	2.721615
PL	PL	PL	GB	101.106497	212.983888
GB	GB	PL	GB	141.234568	297.514880
n.a.	GB	PL	GB	3.456790	7.281833
US	US	PL	GB	25.149701	52.978603
n.a.	n.a.	PL	GB	3.209877	6.761702
n.a.	BE	PT	GB	1.295337	6.019499
BR	BR	PT	GB	11.284722	52.440709
CN	CN	PT	GB	7.186858	33.397716
n.a.	IM	PT	GB	2.716049	12.621627
n.a.	LU	PT	GB	4.640809	21.566087
PT	PT	PT	GB	260.421610	1210.193182
ES	ES	PT	GB	0.798403	3.710222
KN	KN	PT	GB	0.518135	2.407800
GB	GB	PT	GB	1.480117	6.878185
US	US	PT	GB	69.357119	322.306250
n.a.	n.a.	PT	GB	0.327912	1.523823
AU	AU	QA	GB	1.267021	1.267021
QA	QA	QA	GB	1721.688924	1721.688924
n.a.	LU	RO	GB	0.259067	0.259067
n.a.	NL	RO	GB	0.023367	0.023367
RO	RO	RO	GB	0.310504	0.310504
n.a.	n.a.	RO	GB	0.000000	27.501462
DE	DE	RU	GB	0.195548	0.714969
RU	JY	RU	GB	207.512448	758.712669
n.a.	NL	RU	GB	4.391218	16.055289
RU	RU	RU	GB	542.062894	1981.905127
n.a.	VG	RU	GB	2.026651	7.409898
n.a.	n.a.	RU	GB	10.075426	36.838048
RW	RW	RW	GB	3.256258	0.000000
n.a.	WS	WS	GB	2.195609	0.000000
SM	SM	SM	GB	0.643246	0.000000
SA	SA	SA	GB	33.894936	72.613100
RS	RS	RS	GB	0.888070	0.000000
n.a.	GB	RS	GB	1.581705	0.000000
MX	SC	SC	GB	113.580247	5.984247
GB	SC	SC	GB	14.679520	0.773426
n.a.	SC	SC	GB	68.624139	3.615627
SL	SL	SL	GB	0.733976	0.000000
NO	BM	SG	GB	52.396153	42.428106
US	BM	SG	GB	0.395960	0.320631
n.a.	BM	SG	GB	1.808786	1.464675
SG	KY	SG	GB	27.654189	22.393149
HK	HK	SG	GB	6.378909	5.165361
IN	HK	SG	GB	8.854167	7.169716
CN	CN	SG	GB	7.190571	5.822609
DE	DE	SG	GB	0.598802	0.484884
GR	GR	SG	GB	1.300479	1.053071
n.a.	GG	SG	GB	0.259067	0.209781
IN	IN	SG	GB	3666.516188	2968.983938
ID	ID	SG	GB	0.001302	0.001054
JP	JP	SG	GB	55.795817	45.181005
CH	JY	SG	GB	13.321056	10.786807
LR	LR	SG	GB	0.246914	0.199940
MY	MY	SG	GB	0.296023	0.239707
NL	NL	SG	GB	0.347222	0.281165
SG	SG	SG	GB	936.864512	758.631777
ZA	ZA	SG	GB	0.306173	0.247925
CH	CH	SG	GB	68.085397	55.132567
n.a.	CH	SG	GB	23.487232	19.018930
TW	TW	SG	GB	0.347222	0.281165
AE	AE	SG	GB	1.061682	0.859703
GB	GB	SG	GB	60.719515	49.167999
n.a.	GB	SG	GB	0.516796	0.418479
US	US	SG	GB	332.192924	268.995255
TH	VG	SG	GB	36.071433	29.209064
n.a.	VG	SG	GB	2.794411	2.262792
n.a.	n.a.	SG	GB	1.356887	1.098748
SK	SK	SK	GB	26.990228	7.804000
EG	EG	SI	GB	0.201430	0.337761
DE	DE	SI	GB	1.562500	2.620028
SG	SG	SI	GB	0.259067	0.434409
SI	SI	SI	GB	3.561867	5.972603
IN	IN	ZA	GB	0.286864	0.391800
GB	JY	ZA	GB	0.259067	0.353835
ZA	LU	ZA	GB	78.357864	107.021468
n.a.	LU	ZA	GB	0.976841	1.334173
ZA	NL	ZA	GB	13.699107	18.710292
ZA	ZA	ZA	GB	2021.620696	2761.137211
ZA	GB	ZA	GB	94.135461	128.570570
GB	GB	ZA	GB	161.775100	220.953044
n.a.	GB	ZA	GB	0.555091	0.758145
US	US	ZA	GB	1.035347	1.414081
n.a.	n.a.	ZA	GB	2.368188	3.234480
BR	BR	ES	GB	0.068844	0.073913
CO	CO	ES	GB	2.195609	2.357254
DK	DK	ES	GB	1.918039	2.059249
FR	FR	ES	GB	15.711547	16.868261
DE	DE	ES	GB	17.622669	18.920084
IN	IN	ES	GB	4.770844	5.122083
IT	IT	ES	GB	439.515234	471.873183
JP	JP	ES	GB	3.317843	3.562109
GB	JY	ES	GB	8.455908	9.078449
LB	LB	ES	GB	0.195548	0.209945
FR	LU	ES	GB	4.227229	4.538445
IN	LU	ES	GB	3.125000	3.355068
ES	LU	ES	GB	14.996142	16.100187
n.a.	LU	ES	GB	0.420237	0.451176
MX	MX	ES	GB	1501.356196	1611.888902
FR	NL	ES	GB	1.996008	2.142958
ES	NL	ES	GB	1.337690	1.436173
GB	NL	ES	GB	32.266558	34.642083
n.a.	NL	ES	GB	6.808540	7.309797
NO	NO	ES	GB	11.009640	11.820190
PT	PT	ES	GB	40.465664	43.444823
ES	ES	ES	GB	33461.638510	35925.148130
SE	SE	ES	GB	44.917823	48.224758
ES	CH	ES	GB	15.119021	16.232112
CH	CH	ES	GB	0.391097	0.419890
AE	AE	ES	GB	6.770833	7.269315
GB	GB	ES	GB	0.598802	0.642887
US	GB	ES	GB	107.092846	114.977226
n.a.	GB	ES	GB	1.777046	1.907876
US	US	ES	GB	1091.802950	1172.183564
n.a.	VG	ES	GB	1.041667	1.118356
n.a.	n.a.	ES	GB	9.192854	9.869650
LK	LK	LK	GB	10.767616	56.312200
KN	KN	KN	GB	52.023626	97.805400
JM	JM	LC	GB	12.023914	58.263982
LC	LC	LC	GB	7.883714	38.201917
GB	GB	LC	GB	0.888070	4.303301
VC	VC	VC	GB	100.725177	0.000000
AU	AU	SE	GB	1.369249	2.574153
AT	AT	SE	GB	0.347222	0.652769
n.a.	BS	SE	GB	0.593139	1.115087
n.a.	BE	SE	GB	0.918519	1.726792
US	BM	SE	GB	0.888070	1.669550
BR	BR	SE	GB	16.509383	31.037222
CA	CA	SE	GB	890.447379	1674.018532
US	KY	SE	GB	11.743616	22.077700
SE	CW	SE	GB	0.173611	0.326384
NO	CY	SE	GB	15.968064	30.019556
n.a.	CY	SE	GB	4.381648	8.237388
DK	DK	SE	GB	3.370659	6.336753
FI	FI	SE	GB	4.099062	7.706133
FR	FR	SE	GB	48.302420	90.807326
DE	DE	SE	GB	177.597708	333.879195
n.a.	HU	SE	GB	0.493827	0.928383
IN	IN	SE	GB	1.291990	2.428908
IT	IT	SE	GB	5.664819	10.649715
JP	JP	SE	GB	224.426587	421.916303
SE	JY	SE	GB	8.662814	16.285871
n.a.	JY	SE	GB	6.254281	11.757890
SE	LU	SE	GB	0.694444	1.305538
US	LU	SE	GB	3.367206	6.330262
n.a.	LU	SE	GB	16.710453	31.415229
n.a.	MT	SE	GB	0.740741	1.392574
SE	NL	SE	GB	5.908255	11.107370
n.a.	NL	SE	GB	5.988024	11.257333
NO	NO	SE	GB	20.115801	37.817196
SA	SA	SE	GB	7.562358	14.217042
SE	SE	SE	GB	6327.398242	11895.348520
DK	CH	SE	GB	10.271227	19.309648
CH	CH	SE	GB	24.200862	45.497008
n.a.	CH	SE	GB	1.107478	2.082031
SE	GB	SE	GB	3.819444	7.180459
GB	GB	SE	GB	147.234728	276.797561
n.a.	GB	SE	GB	5.350390	10.058597
US	US	SE	GB	296.186843	556.823768
VE	VE	SE	GB	14.312532	26.907197
LB	VG	SE	GB	4.348797	8.175629
US	VG	SE	GB	1.100964	2.069784
n.a.	n.a.	SE	GB	9.570841	17.992939
AT	AT	CH	GB	646.570444	614.699678
n.a.	BS	CH	GB	0.258398	0.245661
GB	BM	CH	GB	277.777778	264.085549
n.a.	BM	CH	GB	0.113474	0.107881
CA	CA	CH	GB	2.368188	2.251455
SG	KY	CH	GB	0.259067	0.246297
US	KY	CH	GB	118.904110	113.043085
n.a.	KY	CH	GB	2.513709	2.389803
CN	CN	CH	GB	1.796407	1.707859
n.a.	CW	CH	GB	1.779418	1.691707
CZ	CZ	CH	GB	0.210119	0.199761
DK	DK	CH	GB	80.692959	76.715440
FR	FR	CH	GB	216.506627	205.834577
DE	DE	CH	GB	76.194424	72.438646
GR	GR	CH	GB	1.095140	1.041159
CH	GG	CH	GB	0.342231	0.325362
GY	GY	CH	GB	0.296023	0.281432
IN	IN	CH	GB	59.529597	56.595263
IL	IL	CH	GB	45.821377	43.562749
IT	IT	CH	GB	1.963289	1.866515
JP	JP	CH	GB	94.833100	90.158585
SE	JY	CH	GB	1.036269	0.985190
CH	JY	CH	GB	79.080844	75.182789
KR	KR	CH	GB	0.534759	0.508400
AT	LI	CH	GB	1.388889	1.320428
n.a.	LI	CH	GB	2.227429	2.117634
FR	LU	CH	GB	0.173611	0.165053
DE	LU	CH	GB	0.843783	0.802192
IN	LU	CH	GB	5.026930	4.779142
IT	LU	CH	GB	0.740741	0.704228
NL	LU	CH	GB	70.700477	67.215507
SA	LU	CH	GB	15.002469	14.262967
CH	LU	CH	GB	0.068446	0.065072
US	LU	CH	GB	0.520833	0.495160
n.a.	LU	CH	GB	7.386941	7.022824
MY	MY	CH	GB	0.998004	0.948810
n.a.	MT	CH	GB	2.345949	2.230313
CH	MC	CH	GB	0.173611	0.165053
NL	NL	CH	GB	15.241947	14.490641
SE	NL	CH	GB	754.785889	717.580965
n.a.	NL	CH	GB	2.437144	2.317012
NO	NO	CH	GB	4.286420	4.075133
n.a.	PA	CH	GB	4.888709	4.647734
RU	RU	CH	GB	100.950748	95.974681
SG	SG	CH	GB	1.388889	1.320428
ZA	ZA	CH	GB	1.798700	1.710038
ES	ES	CH	GB	1.483576	1.410448
SE	SE	CH	GB	2.106248	2.002426
AT	CH	CH	GB	16.514460	15.700429
BR	CH	CH	GB	7.939767	7.548400
DK	CH	CH	GB	1.234568	1.173714
DE	CH	CH	GB	23.150799	22.009649
GR	CH	CH	GB	55.450905	52.717618
IN	CH	CH	GB	4.497612	4.275916
IT	CH	CH	GB	42.762704	40.654844
NL	CH	CH	GB	31.851852	30.281810
SA	CH	CH	GB	256.951334	244.285682
ZA	CH	CH	GB	322.582446	306.681704
ES	CH	CH	GB	7.986111	7.592460
SE	CH	CH	GB	0.246914	0.234743
CH	CH	CH	GB	52008.508190	49444.903530
GB	CH	CH	GB	217.612352	206.885799
US	CH	CH	GB	707.553619	672.676868
n.a.	CH	CH	GB	787.959633	749.119507
TW	TW	CH	GB	0.103643	0.098534
AE	AE	CH	GB	31.960052	30.384676
ZA	GB	CH	GB	0.259067	0.246297
GB	GB	CH	GB	1609.036371	1529.723710
US	GB	CH	GB	221.721574	210.792469
n.a.	GB	CH	GB	1.144040	1.087648
US	US	CH	GB	6050.621142	5752.373776
n.a.	n.a.	CH	GB	11.893546	11.307289
TW	TW	TW	GB	842.832031	226.590677
US	US	TW	GB	0.520833	0.140023
IN	IN	TH	GB	7.400587	31.839166
TH	TH	TH	GB	93.867054	403.839434
TT	TT	TT	GB	74.488515	74.488515
TN	TN	TN	GB	1.279167	1.279167
FI	FI	TR	GB	8.266667	13.088758
DE	DE	TR	GB	2.994012	4.740471
IT	IT	TR	GB	7.706748	12.202228
TR	TR	TR	GB	139.453397	220.798996
GB	GB	TR	GB	2.143210	3.393382
US	US	TR	GB	6.235027	9.872028
n.a.	n.a.	TR	GB	2.607208	4.128037
UA	UA	UA	GB	0.950813	0.950813
US	US	UA	GB	4.736375	4.736375
n.a.	KY	AE	GB	3.890231	3.524430
IN	IN	AE	GB	21.304879	19.301569
KW	KW	AE	GB	11.976048	10.849933
n.a.	MU	AE	GB	0.306173	0.277383
OM	OM	AE	GB	114.567901	103.795016
PK	PK	AE	GB	0.347222	0.314573
SA	SA	AE	GB	12.435233	11.265941
CH	CH	AE	GB	1.224691	1.109533
AE	AE	AE	GB	6570.709467	5952.861926
GB	GB	AE	GB	0.616016	0.558092
US	US	AE	GB	0.259067	0.234707
n.a.	VG	AE	GB	4.736375	4.291011
n.a.	n.a.	AE	GB	0.008482	0.007685
NL	NL	GB	GB	21.652292	0.000000
US	GB	GB	GB	13.368984	0.000000
US	US	GB	GB	35.529459	0.000000
AU	AU	US	GB	163.818401	196.013547
AT	AT	US	GB	6.597222	7.893771
IT	BS	US	GB	10.656845	12.751229
BH	BH	US	GB	1.111975	1.330511
BE	BE	US	GB	333.728978	399.316562
GB	BE	US	GB	2.794411	3.343595
IT	BM	US	GB	0.068446	0.081898
TW	BM	US	GB	0.744578	0.890910
US	BM	US	GB	211.537727	253.111128
n.a.	BM	US	GB	13.991204	16.740889
BR	BR	US	GB	44.254636	52.951977
CA	CA	US	GB	1231.156318	1473.114834
BH	KY	US	GB	8.678232	10.383761
US	KY	US	GB	313.457951	375.061680
n.a.	KY	US	GB	0.954292	1.141839
HK	HK	US	GB	1.596806	1.910626
CN	CN	US	GB	2152.852058	2575.950963
US	CW	US	GB	40.368679	48.302315
DK	DK	US	GB	26.934050	32.227385
FR	FR	US	GB	1107.022789	1324.585408
DE	DE	US	GB	681.757007	815.742360
CA	GG	US	GB	2.430556	2.908231
GB	GG	US	GB	0.592047	0.708402
US	GG	US	GB	58.169173	69.601130
IN	IN	US	GB	12.555491	15.023015
ID	ID	US	GB	0.173611	0.207731
IE	IE	US	GB	0.598802	0.716485
US	IE	US	GB	534.015571	638.965376
NZ	IM	US	GB	17.964072	21.494542
IL	IL	US	GB	9.442842	11.298639
IT	IT	US	GB	24.588922	29.421370
JP	JP	US	GB	1878.514167	2247.697588
GB	JY	US	GB	2483.968771	2972.141874
n.a.	JY	US	GB	0.777202	0.929945
KR	KR	US	GB	19.560878	23.405168
LB	LB	US	GB	9.585492	11.469324
AR	LU	US	GB	0.518135	0.619963
BR	LU	US	GB	48.596851	58.147566
CA	LU	US	GB	1.397206	1.671798
FR	LU	US	GB	79.383822	94.985084
GB	LU	US	GB	1.295337	1.549909
US	LU	US	GB	15.413496	18.442702
n.a.	LU	US	GB	11.161097	13.354582
MX	MX	US	GB	41.558203	49.725615
BE	NL	US	GB	116.335194	139.198489
EG	NL	US	GB	531.031625	635.394997
IT	NL	US	GB	63.218576	75.642890
NL	NL	US	GB	39.657525	47.451398
US	NL	US	GB	94.372169	112.919083
NZ	NZ	US	GB	1.789652	2.141371
NO	NO	US	GB	3.886010	4.649726
PH	PH	US	GB	0.592047	0.708402
SA	SA	US	GB	150.098089	179.596789
SG	SG	US	GB	37.381130	44.727624
ES	ES	US	GB	2.886697	3.454018
SE	SE	US	GB	2438.442683	2917.668567
CH	CH	US	GB	86.012292	102.916243
GB	CH	US	GB	89.103063	106.614442
US	CH	US	GB	115.824595	138.587543
n.a.	CH	US	GB	0.259067	0.309982
TW	TW	US	GB	0.520833	0.623192
FR	GB	US	GB	11.967712	14.319720
ZA	GB	US	GB	0.205339	0.245694
GB	GB	US	GB	9938.219650	11891.372830
US	GB	US	GB	11066.262750	13241.109660
n.a.	GB	US	GB	9.964866	11.923256
US	US	US	GB	325151.945300	389053.889500
GB	VG	US	GB	2.664211	3.187807
US	VG	US	GB	0.199601	0.238828
n.a.	n.a.	US	GB	310.267567	371.244292
ES	ES	UY	GB	0.592047	0.000000
UY	UY	UY	GB	2.139037	0.000000
UZ	UZ	UZ	GB	3.490760	3.490760
VU	VU	VU	GB	0.259067	0.000000
US	US	VN	GB	6.187625	6.187625
CA	CA	VG	GB	107.527482	111.047273
US	KY	VG	GB	22.753256	23.498058
n.a.	KY	VG	GB	0.520833	0.537882
US	HK	VG	GB	17.145679	17.706924
CN	CN	VG	GB	3992.344724	4123.029639
GR	GR	VG	GB	0.173611	0.179294
IN	IN	VG	GB	42.245989	43.628864
n.a.	IM	VG	GB	0.790852	0.816740
JP	JP	VG	GB	7.475623	7.720329
n.a.	JY	VG	GB	10.574202	10.920336
SA	LI	VG	GB	68.211015	70.443826
n.a.	LI	VG	GB	0.975853	1.007796
AR	LU	VG	GB	20.672694	21.349391
MY	MY	VG	GB	0.843783	0.871404
n.a.	MU	VG	GB	1.036269	1.070191
SG	SG	VG	GB	7.804997	8.060484
ZA	ZA	VG	GB	25.944106	26.793357
TW	TW	VG	GB	22.797927	23.544192
AE	AE	VG	GB	0.663011	0.684714
GB	GB	VG	GB	0.774323	0.799670
US	GB	VG	GB	81.260079	83.920037
n.a.	GB	VG	GB	0.790852	0.816740
US	US	VG	GB	48.376671	49.960226
AZ	VG	VG	GB	17.169361	17.900947
HK	VG	VG	GB	363.751063	379.250497
CN	VG	VG	GB	35.578989	37.095010
DK	VG	VG	GB	9.797531	10.215004
IN	VG	VG	GB	51.212059	53.394205
ID	VG	VG	GB	90.651159	94.513806
IE	VG	VG	GB	119.753086	124.855766
IL	VG	VG	GB	11.911485	12.419034
MY	VG	VG	GB	28.258075	29.462152
NL	VG	VG	GB	14.236111	14.842712
QA	VG	VG	GB	142.558992	148.633432
RU	VG	VG	GB	114.717483	119.605596
SA	VG	VG	GB	34.039216	35.489627
SG	VG	VG	GB	11.634568	12.130317
ZA	VG	VG	GB	29.261537	30.508371
TW	VG	VG	GB	4.340278	4.525217
UA	VG	VG	GB	140.267208	146.243994
GB	VG	VG	GB	4999.591932	5212.624564
US	VG	VG	GB	1078.102486	1124.040437
n.a.	VG	VG	GB	345.926483	360.666412
n.a.	n.a.	VG	GB	26.610567	27.481634
ZM	ZM	ZM	GB	3.361123	0.000000
ZA	GB	ZW	GB	217.111567	217.111567
ZW	ZW	ZW	GB	28.888889	28.888889
