FDI source	destination	IMF CDIS data (2015)	Total ultimate investor uncertainty	Lower estimate (75% confidence)	Median estimate	Upper estimate (75% confidence)
AF	CN	9.52	0	0	0	0
AL	CN	0.31	0	0	0	0
DZ	CN	8.52	0	0	0	0
AO	CN	10.66	0	0	0	0
AI	CN	90.97	0	0	0	0
AR	CN	34.14	0	34.143	34.143	34.143
AM	CN	-28.91	0	0	0	0
AW	CN	-0.06	0	0	0	0
AU	CN	9752.70	0.849	4989.667	9772.65	18316.29
AT	CN	2544.94	0.95	1489.208	3132.982	7664.776
AZ	CN	2.36	0	0	0	0
BS	CN	3303.12	0	0	0	0
BH	CN	6.74	0	7.144	13.684	92.185
BD	CN	6.61	0	1.336	14.367	145.433
BB	CN	7068.43	0.901	0	0	0
BY	CN	13.61	0	3.977	75.067	608.563
BE	CN	1756.45	0.836	1418.664	2529.032	4957.225
BZ	CN	362.88	0	0	0	0
BJ	CN	127.30	0	0	0	0
BM	CN	11202.23	0.811	0	0	0
BT	CN	4.03	0	0	0	0
BO	CN	7.18	0	0	0	0
BA	CN	-0.07	0	0	0	0
BW	CN	1.76	0	0	0	0
BR	CN	542.94	0.909	563.981	1100.265	3350.631
BN	CN	3282.64	0	0	0	0
BG	CN	58.08	0	0	0	0
BF	CN	1.32	0	0	0	0
BI	CN	0.08	0	0	0	0
KH	CN	113.03	0	0	0	0
CM	CN	-0.02	0	0	0	0
CA	CN	11313.09	0.627	13558.607	19599.304	35800.435
KY	CN	47515.98	0.733	0	0	0
CF	CN	0.32	0	0	0	0
CL	CN	120.55	0	127.911	205.041	704.861
HK	CN	1238822.63	0.578	38188.333	79208.875	180949.837
MO	CN	7591.20	0	80.003	440.204	2074.963
CN	CN	0.00	0	876764.68	1099686.853	1281929.658
CO	CN	2.19	0	2.186	2.186	2.186
CD	CN	-0.22	0	0	0	0
CG	CN	0.17	0	0	0	0
CR	CN	4.23	0	0	0	0
CI	CN	2.49	0	0	0	0
HR	CN	3.49	0	3.511	4.214	19.636
CU	CN	90.26	0	0	0	0
CY	CN	873.02	0.978	0	0	0
CZ	CN	192.83	0	56.77	298.01	1738.096
DK	CN	4509.69	0.872	2341.296	4481.443	7936.184
DJ	CN	6.43	0	0	0	0
DM	CN	0.69	0	0	0	0
DO	CN	18.65	0	0	0	0
EC	CN	0.76	0	0	0	0
EG	CN	60.66	0	64.407	100.851	475.078
SV	CN	1.81	0	0	0	0
ER	CN	0.24	0	0	0	0
EE	CN	0.77	0	0	0	0
ET	CN	5.32	0	0	0	0
FJ	CN	1.30	0	1.303	1.303	1.303
FI	CN	1692.17	0.756	1522.168	2435.563	5110.083
FR	CN	23291.83	0.673	24773.301	35308.233	57031.983
GA	CN	12.71	0	0	0	0
GM	CN	7.94	0	0	0	0
GE	CN	0.56	0	0	0	0
DE	CN	66637.21	0.535	57467.883	75812.259	97029.878
GH	CN	-2.00	0	0	0	0
GI	CN	10.83	0	0	0	0
GR	CN	10.44	0.956	10.172	34.839	217.602
GD	CN	0.10	0	0	0	0
GT	CN	0.67	0	0	0	0
GN	CN	0.54	0	0	0	0
GW	CN	-0.03	0	0	0	0
HT	CN	5.54	0	0	0	0
HN	CN	10.97	0	0	0	0
HU	CN	220.85	0	222.262	236.996	397.261
IS	CN	111.98	0.915	10.499	64.636	209.865
IN	CN	630.71	0.772	7575.434	16637.602	46830.695
ID	CN	895.66	0	4057.255	9665.311	25451.207
IR	CN	57.14	0	59.823	88.345	380.306
IQ	CN	15.31	0	0	0	0
IE	CN	4213.95	0.732	57.833	283.788	1336.876
IL	CN	795.26	0.827	763.337	1340.629	3415.459
IT	CN	7430.35	0.735	7437.44	12471.693	26250.639
JM	CN	2.69	0	0	0	0
JP	CN	151925.55	0.061	160489.813	174474.754	210714.546
JO	CN	40.47	0	0	0	0
KZ	CN	68.90	0	0.339	5.99	72.855
KE	CN	8.17	0	0	0	0
KI	CN	1.97	0	0	0	0
KP	CN	22.72	0	22.725	22.725	22.725
KR	CN	61238.99	0.142	63283.438	72994.106	101555.099
KW	CN	849.44	0	38.699	178.06	819.697
KG	CN	9.37	0	0	0	0
LA	CN	5.98	0	0	0	0
KV	CN	-0.21	0	0	0	0
LB	CN	8.20	0	70.292	473.226	3920.691
LS	CN	1.32	0	0	0	0
LR	CN	3748.80	0	0	0	0
LY	CN	37.50	0	0	0	0
LI	CN	50.70	0.416	29.566	48.984	50.597
LT	CN	12.55	0.677	0.012	0.371	6.464
LU	CN	4286.97	0.959	0	0	0
MK	CN	2.92	0	0	0	0
MG	CN	13.80	0	0	0	0
MY	CN	7330.94	0.945	12530.349	24747.83	52973.265
ML	CN	0.18	0	0	0	0
MT	CN	159.44	0.951	0	0	0
MH	CN	274.75	0	0	0	0
MR	CN	-0.04	0	0	0	0
MU	CN	28026.60	0.889	0	0	0
MX	CN	94.59	0	193.479	455.711	1383.434
MD	CN	0.33	0	0	0	0
MC	CN	9.29	0	1.533	18.169	179.475
MN	CN	34.00	0	4.248	53.066	633.449
ME	CN	11.51	0	0	0	0
MA	CN	3.26	0	0.01	0.178	3.1
MZ	CN	0.00	0	0	0	0
MM	CN	77.74	0	0	0	0
NA	CN	6.84	0	0	0	0
NP	CN	6.45	0	0	0	0
NL	CN	31459.38	0.925	2541.632	6772.313	15300.163
NZ	CN	1150.01	0.947	637.827	1485.172	3183.011
NE	CN	5.50	0	0	0	0
NG	CN	94.18	0	0	0	0
NO	CN	531.04	0.964	469.58	1071.023	2887.047
OM	CN	93.71	0	1.625	19.296	196.698
PK	CN	23.80	0	0	0	0
PQ	CN	-0.16	0	0	0	0
PA	CN	889.74	0.885	0	0	0
PY	CN	7.71	0	0	0	0
PE	CN	6.11	0	6.528	10.554	54.698
PH	CN	2025.46	0	3092.331	5770.781	16364.354
PL	CN	206.36	0	259.38	421.302	1299.488
PT	CN	122.61	0.981	57.679	159.681	571.703
QA	CN	10.97	0	1.342	9.974	92.746
RO	CN	58.97	0	0	0	0
RU	CN	355.17	0	1362.28	4143.403	14918.193
RW	CN	1.19	0	0	0	0
WS	CN	27864.11	0.353	0	0	0
SM	CN	-0.62	0	0	0	0
SA	CN	1591.94	0.106	1624.427	1911.055	3581.475
SN	CN	6.68	0	0	0	0
RS	CN	0.00	0	0	0	0
SC	CN	2577.01	0	0	0	0
SL	CN	-0.72	0	0	0	0
SG	CN	111218.28	0.898	14364.932	30849.766	65441.932
SX	CN	-0.02	0	0	0	0
SK	CN	25.36	0	0	0	0
SI	CN	41.24	0.963	1.854	23.924	40.223
SO	CN	4.28	0	0	0	0
ZA	CN	447.96	0.816	1220.126	2249.075	4577.165
ES	CN	3109.70	0.826	1491.992	2760.49	3968.171
LK	CN	4.53	0.94	0.066	1.22	4.092
KN	CN	78.90	0	0	0	0
VC	CN	9.89	0	0	0	0
SD	CN	2.05	0	0	0	0
SR	CN	2.00	0	0	0	0
SZ	CN	503.20	0	2.977	33.096	396.362
SE	CN	7537.96	0.907	5611.0	9769.895	17565.209
CH	CN	12142.25	0.874	7132.224	12448.661	20756.02
SY	CN	9.62	0	0	0	0
TW	CN	29214.53	0.018	139819.477	215930.206	344634.968
TJ	CN	0.06	0	0	0	0
TZ	CN	33.25	0	0	0	0
TH	CN	3711.78	0.016	5209.947	8406.497	20360.131
TG	CN	0.11	0	0	0	0
TO	CN	6.01	0	0	0	0
TT	CN	2.45	0	0	0	0
TN	CN	60.96	0	0.007	0.132	2.607
TR	CN	215.82	0.342	227.751	338.338	913.849
TV	CN	0.19	0	0	0	0
UA	CN	33.07	0	33.07	33.07	33.07
AE	CN	553.29	0.844	299.881	575.791	1072.156
GB	CN	18911.55	0.875	28539.348	56339.086	134716.495
US	CN	78489.56	0.552	138751.518	179804.194	262622.222
UG	CN	9.56	0	0	0	0
UZ	CN	0.27	0	0	0	0
VU	CN	54.66	0	0	0	0
VE	CN	16.15	0	0.362	4.213	45.486
VN	CN	7.49	0.999	8.163	74.217	669.434
VG	CN	328084.63	0.847	0	0	0
YE	CN	10.14	0	0	0	0
ZM	CN	39.83	0	0	0	0
ZW	CN	2.80	0	0	0	0
n.a.	CN	191315.90	0	0	0	0
AF	BR	0.11	0	0	0	0
DZ	BR	-0.30	0	0	0	0
AD	BR	2.44	0	2.436	2.436	2.436
AO	BR	-29.85	0	1.17	9.383	97.298
AI	BR	77.65	0	0	0	0
AR	BR	-967.54	0	1002.813	2631.2	5487.048
AW	BR	0.91	0	0	0	0
AU	BR	2885.67	0.653	2668.946	3857.284	6837.116
AT	BR	905.12	0.899	509.234	1049.695	2110.999
BS	BR	683.29	0	0	0	0
BH	BR	1.24	0	0	0	0
BD	BR	-0.03	0	0	0	0
BB	BR	459.88	0	0	0	0
BY	BR	0.80	0	0	0	0
BE	BR	9608.20	0.881	12126.98	27664.37	56721.17
BZ	BR	51.46	0	0	0	0
BJ	BR	-1.32	0	0	0	0
BM	BR	3291.81	0.834	0	0	0
BO	BR	36.79	0	0	0	0
BW	BR	0.02	0	0	0	0
BR	BR	0.00	0	7122.769	11614.39	18360.83
BN	BR	15.65	0	0	0	0
BG	BR	0.24	0	0	0	0
KH	BR	0.10	0	0	0	0
CA	BR	8561.89	0.619	9367.086	12947.49	19111.61
KY	BR	2578.67	0.912	0	0	0
CF	BR	-0.02	0	0	0	0
CL	BR	8828.13	0.844	2352.752	5222.739	7849.582
HK	BR	1639.63	0.684	60.448	205.333	806.14
MO	BR	-45.76	0	0.207	3.092	33.572
CN	BR	1815.11	0	6447.371	9623.574	18747.18
CO	BR	875.84	0.047	862.251	876.635	905.915
CD	BR	-0.10	0	0	0	0
CR	BR	24.98	0	0	0	0
CI	BR	-0.12	0	0	0	0
HR	BR	0.00	0	0.006	0.118	3.027
CU	BR	-11.64	0	0	0	0
CW	BR	533.16	0.471	0	0	0
CY	BR	266.75	0	0.203	2.801	35.376
CZ	BR	3.45	0	3.421	26.747	302.549
DK	BR	887.20	0.843	678.125	1178.867	2927.754
DO	BR	13.02	0	0	0	0
EC	BR	-0.76	0	0	0	0
EG	BR	-0.29	0	0	0	0
SV	BR	-0.81	0	0	0	0
GQ	BR	-0.61	0	0	0	0
EE	BR	0.89	0	0.13	1.59	22.657
ET	BR	1.11	0	0	0	0
FI	BR	389.97	0.719	332.087	536.933	1773.667
FR	BR	21788.65	0.427	25562.68	31248.64	38904.81
GA	BR	0.91	0	0	0	0
DE	BR	12465.70	0.417	13853.61	17080.01	24265.05
GH	BR	-0.18	0	0	0	0
GI	BR	10.48	0	0	0	0
GR	BR	3.27	0.864	27.799	88.763	497.107
GD	BR	0.33	0	0	0	0
GT	BR	0.60	0	0	0	0
GG	BR	151.98	0	0	0	0
GW	BR	0.77	0	0	0	0
GY	BR	-0.03	0	0	0	0
HN	BR	5.00	0	0	0	0
HU	BR	381.35	0.781	2.021	31.553	247.226
IS	BR	6.43	0	6.616	8.668	27.193
IN	BR	91.79	0	4160.221	9107.356	17780
ID	BR	40.62	0	29.455	132.95	522.059
IR	BR	113.56	0	0.044	0.624	9.404
IQ	BR	-0.03	0	0	0	0
IE	BR	2650.90	0.762	11.285	74.086	458.265
IM	BR	43.79	0	0	0	0
IL	BR	210.77	0.429	442.421	991.597	3092.63
IT	BR	4621.61	0.578	13079.06	20246.46	31603.72
JM	BR	-0.10	0	0	0	0
JP	BR	18960.88	0.027	21908.24	24787.67	31108.75
JE	BR	579.60	0.862	0	0	0
KZ	BR	-0.07	0	13.886	76.385	490.733
KE	BR	-1.05	0	0	0.002	0.149
KR	BR	2825.70	0	3072.429	3768.574	6129.594
KW	BR	-0.05	0	41.306	199.195	1037.195
LA	BR	0.00	0	0	0	0
KV	BR	0.61	0	0	0	0
LB	BR	21.43	0	1.187	9.289	74.273
LR	BR	21.47	0	0.392	4.864	39.235
LY	BR	0.00	0	651.812	1664.531	2469.524
LI	BR	87.52	0.952	6.135	56.374	85.67
LT	BR	-0.30	0	0	0	0
LU	BR	34732.09	0.877	137.313	589.889	2458.961
MG	BR	0.00	0	0	0	0
MW	BR	-0.29	0	0	0	0
MY	BR	57.95	0	116.715	203.928	513.633
MT	BR	47.90	0.224	0	0	0
MH	BR	49.93	0.96	0	0	0
MU	BR	17.41	0.948	0	0	0
MX	BR	9631.65	0.042	9477.841	9639.077	9877.495
MC	BR	106.32	0	0.515	5.616	66.395
MA	BR	1.69	0	0	0	0
MZ	BR	-6.85	0	0	0	0
NL	BR	110210.06	0.884	3119.776	9137.915	22366.9
NZ	BR	42.01	0.367	55.829	136.947	677.061
NI	BR	-0.63	0	0	0	0
NG	BR	-11.60	0	0	0	0
NO	BR	4260.48	0.773	3330.038	5403.688	11720
PK	BR	-0.22	0	0	0	0
PA	BR	1444.03	0.79	451.667	1102.295	1386.438
PY	BR	21.98	0	0	0	0
PE	BR	44.44	0.61	46.305	106.942	540.91
PH	BR	15.89	0	15.893	15.893	15.893
PL	BR	3.80	0	4.296	7.507	39.63
PT	BR	3833.35	0.854	9559.955	17578.34	32749.4
QA	BR	0.09	0	0	0	0
RO	BR	0.97	0	0.975	0.975	0.975
RU	BR	37.37	0.738	49.075	116.792	464.778
WS	BR	27.84	0	0	0	0
ST	BR	0.23	0	0	0	0
SA	BR	3.95	0	18.184	95.19	720.885
RS	BR	-0.22	0	0	0	0
SC	BR	22.40	0	0	0	0
SG	BR	1187.98	0.922	295.293	783.94	1371.856
SK	BR	3.06	0	0.006	0.096	1.611
SI	BR	0.36	0.867	0.083	0.32	0.358
ZA	BR	483.57	0	1290.894	3105.488	7849.208
ES	BR	57426.14	0.524	36530.04	47136.68	53544.61
LK	BR	0.03	0	0	0	0
KN	BR	11.60	0	0	0	0
LC	BR	0.93	0	0	0	0
VC	BR	89.91	0	0	0	0
SD	BR	-0.31	0	0	0	0
SR	BR	-0.10	0	0	0	0
SE	BR	3564.87	0.847	1786.383	3206.568	4649.649
CH	BR	12586.79	0.856	8171.657	13830.15	26096.67
TW	BR	18.09	0	443.305	760.213	1656.578
TZ	BR	-0.35	0	0	0	0
TH	BR	30.47	0	30.473	30.473	30.473
TT	BR	-2.15	0	0	0	0
TN	BR	0.05	0	0.101	1.069	10.815
TR	BR	10.07	0	65.154	312.477	749.732
UA	BR	101.03	0	101.029	101.029	101.029
AE	BR	35.46	0	76.205	232.527	1193.697
GB	BR	23212.54	0.667	18229.04	23840.85	30017.12
US	BR	82124.76	0.467	84969.01	100758.8	119876.1
UG	BR	2785.38	0.855	42.184	231.586	922.698
VE	BR	-272.18	0	0.094	1.179	14.485
VN	BR	-0.05	0	0	0	0
VG	BR	4073.26	0.976	0	0	0
ZM	BR	-1.04	0	0	0	0
ZW	BR	-0.02	0	0	0	0
AF	IN	0.11	0	0	0	0
AD	IN	7.51	0	0	0	0
AG	IN	2.91	0	0	0	0
AR	IN	0.00	0	0.049	1.156	17.53
AW	IN	0.05	0	0	0	0
AU	IN	536.20	0.879	572.022	1253.657	3775.761
AT	IN	224.65	0.84	263.31	558.695	1706.168
BS	IN	12.29	0.196	0	0	0
BH	IN	81.58	0	0.169	2.624	39.976
BD	IN	14.14	0	0.115	1.719	30.68
BB	IN	3.50	0	0	0	0
BY	IN	0.41	0	0	0	0
BE	IN	1110.14	0.935	175.757	428.572	897.192
BZ	IN	2.20	0	0	0	0
BM	IN	163.12	0.85	0	0	0
BW	IN	1.21	0	0	0	0
BR	IN	52.23	0	91.556	254.492	1032.133
BN	IN	1.96	0	0	0	0
BG	IN	1.70	0	0	0	0
CA	IN	705.05	0.501	1292.219	2364.265	5641.091
KY	IN	245.36	0.925	0	0	0
CL	IN	0.00	0	32.334	63.193	353.617
HK	IN	1333.08	0.952	677.197	1613.254	4942.631
MO	IN	0.62	0	0.109	1.624	13.841
CN	IN	571.56	0.155	1383.01	2252.603	4777.882
CO	IN	2.52	0	0.079	1.2	23.186
CR	IN	0.06	0	0	0	0
HR	IN	3.51	0	3.513	3.513	3.513
CY	IN	2341.86	0.945	0	0	0
CZ	IN	113.12	0	114.874	129.506	279.955
DK	IN	521.56	0.858	437.612	806.679	1941.193
EG	IN	7.75	0	7.75	7.75	7.75
EE	IN	1.57	0	0	0	0
FI	IN	495.63	0.761	346.965	569.673	1232.57
FR	IN	4473.69	0.764	6124.526	9817.319	17405.35
GE	IN	5.43	0	0	0	0
DE	IN	33111.80	0.642	22341.94	32501.85	39641.22
GH	IN	3.32	0	0	0	0
GI	IN	26.84	0	0	0	0
GR	IN	3.24	0.904	2.892	6.815	46.739
GG	IN	13.39	0	0	0	0
GW	IN	0.12	0	0	0	0
HU	IN	0.75	0	0.754	0.754	0.754
IS	IN	0.00	0	0.248	2.004	20.228
IN	IN	0.00	0	30213.61	47944.91	68281.33
ID	IN	20.96	0.241	117.55	592.143	3583.203
IQ	IN	0.14	0	0	0	0
IE	IN	621.76	0.846	1.768	24.928	199.394
IM	IN	185.87	0	0	0	0
IL	IN	109.84	0.865	241.211	593.755	2088.667
IT	IN	1420.71	0.764	1499.826	2245.572	3825.247
JM	IN	4.03	0	0	0	0
JP	IN	24448.86	0.006	26797.77	29501.9	35971.65
JE	IN	172.19	0.841	0	0	0
JO	IN	1.48	0	0	0	0
KZ	IN	0.83	0	24.015	261.687	1615.409
KE	IN	4.09	0	13.067	68.192	514.0
KR	IN	5949.22	0	6626.342	8690.997	15931.72
KW	IN	24.12	0	24.123	24.123	24.123
KV	IN	0.17	0	0	0	0
LB	IN	0.42	0	5.25	29.744	150.623
LR	IN	7.92	0	0	0	0
LI	IN	30.12	0.882	6.126	26.362	29.895
LT	IN	99.90	0	0	0	0
LU	IN	660.16	0.942	0	0	0
MY	IN	320.72	0.671	776.728	2264.562	7767.209
MT	IN	2.73	0.836	0	0	0
MH	IN	10.40	0	0	0	0
MR	IN	9.89	0	0	0	0
MU	IN	63076.74	0.788	0.349	6.212	110.19
MX	IN	50.40	0	54.832	82.81	330.853
MC	IN	59.71	0	0.253	4.164	59.183
MA	IN	1.78	0	0	0	0
MZ	IN	0.03	0	0	0	0
NP	IN	0.66	0	0	0	0
NL	IN	14925.55	0.938	457.559	1531.542	4349.559
NZ	IN	6.75	0.987	0.56	3.259	18.691
NG	IN	4.37	0	4.372	4.372	4.372
NO	IN	89.44	0.92	65.392	130.396	408.968
OM	IN	377.98	0.632	203.929	365.968	377.454
PA	IN	29.78	0.132	0	0	0
PH	IN	82.47	0	82.526	83.164	93.353
PL	IN	219.02	0	219.294	222.405	262.287
PT	IN	34.53	0.98	5.222	23.33	62.317
QA	IN	4.39	0	4.387	4.387	4.387
RO	IN	4.24	0	0	0	0
RU	IN	403.24	0	431.015	567.546	1545.137
RW	IN	0.02	0	0	0	0
WS	IN	3.15	0.984	0	0	0
SM	IN	0.30	0	0	0	0
SA	IN	70.89	0	94.23	186.564	732.887
SC	IN	54.97	0	0	0	0
SG	IN	32908.59	0.932	1317.267	5345.43	14517.02
SK	IN	0.75	0	0	0	0
SI	IN	0.02	0	0	0	0
ZA	IN	155.10	0	369.811	927.278	3430.515
ES	IN	1766.17	0.815	1003.386	1771.823	2617.775
LK	IN	41.66	0.939	17.091	54.9	385.159
KN	IN	4.07	0	0	0.012	0.409
LC	IN	0.02	0	0	0	0
VC	IN	2.91	0	0	0	0
SR	IN	0.12	0	0	0	0
SZ	IN	30.53	0	0	0	0
SE	IN	2145.78	0.848	1195.999	2156.204	3381.043
CH	IN	14674.38	0.885	4079.285	8535.535	13090.66
SY	IN	0.06	0	0	0	0
TW	IN	153.35	0.565	288.13	661.639	2288.866
TJ	IN	0.47	0	0	0	0
TH	IN	565.18	0	568.39	601.497	883.519
TG	IN	1.63	0	0	0	0
TN	IN	0.00	0	0.023	0.466	6.972
TR	IN	78.82	0.708	63.568	97.362	258.698
UG	IN	11.10	0	0	0	0
UA	IN	4.36	0	0	0	0
AE	IN	2050.67	0.724	1448.082	2300.33	4362.334
GB	IN	45801.71	0.806	14817.26	26491.61	39568.74
US	IN	50151.84	0.325	72227.9	90135.91	113143.6
VU	IN	0.15	0	0	0	0
VE	IN	0.00	0	0.125	1.596	26.366
VN	IN	0.89	0	0	0	0
VG	IN	511.75	0.975	0	0	0
n.a.	IN	1187.24	0	0	0	0
AF	RU	1.60	0	0	0	0
DZ	RU	0.22	0	0.219	0.219	0.219
AI	RU	0.93	0	0	0	0
AM	RU	102.20	0	102.199	102.199	102.199
AU	RU	31.50	0.734	27.776	43.981	165.224
AT	RU	4747.70	0.854	1458.116	2919.185	5181.02
AZ	RU	134.88	0	134.876	134.876	134.876
BS	RU	21297.17	0	0	0	0
BH	RU	0.00	0	0.047	0.786	16.198
BD	RU	0.33	0	0	0	0
BY	RU	325.59	0	329.856	357.112	497.37
BE	RU	1039.75	0.97	662.524	1423.373	3471.072
BZ	RU	208.58	0	185.107	678.096	2298.4
BM	RU	13562.37	0	0	0	0
BR	RU	0.02	0	0.029	0.238	4.813
BN	RU	0.01	0	0	0	0
BG	RU	24.71	0.57	16.266	24.636	28.172
KH	RU	0.35	0	0	0	0
CA	RU	81.39	0.92	299.484	779.171	2344.744
KY	RU	-188.87	0	0	0	0
HK	RU	361.90	0.995	0.167	2.317	36.59
CN	RU	1683.01	0	1789.007	2025.508	2797.349
CO	RU	0.04	0	0.001	0.024	0.642
CD	RU	0.10	0	0	0	0
CG	RU	0.06	0	0.062	0.062	0.062
HR	RU	20.60	0	22.947	37.409	119.423
CY	RU	86280.73	0.391	0.118	2.211	38.283
CZ	RU	197.71	0.902	687.422	1857.953	5353.343
DK	RU	295.09	0.59	231.631	329.736	644.114
DM	RU	0.00	0	0.422	4.975	68.036
EC	RU	0.20	0	0	0	0
EE	RU	112.52	0.951	17.893	73.192	123.571
FI	RU	6759.66	0.692	4030.501	6564.909	8703.84
FR	RU	9961.61	0.263	10515.211	12291.99	15390.773
GE	RU	3.45	0	3.448	3.448	3.448
DE	RU	13523.18	0.69	7553.103	11059.029	13628.641
GI	RU	36.69	0.131	0	0	0
GR	RU	86.90	0	98.084	145.097	385.672
GG	RU	0.00	0.99	0	0	0
HU	RU	411.23	0	423.16	491.434	995.319
IS	RU	0.00	0	0.708	6.073	66.746
IN	RU	66.60	0	131.089	308.086	1175.145
ID	RU	0.13	0	0	0	0
IR	RU	0.00	0.992	13.955	91.275	687.828
IE	RU	8252.71	0	5.741	39.216	221.176
IM	RU	6.12	0	0	0	0
IL	RU	154.38	0.114	281.571	569.653	1771.854
IT	RU	959.56	0.903	2592.949	4427.006	7122.376
JP	RU	1319.06	0	2036.884	2832.464	4850.064
JE	RU	0.00	0.557	0	0	0
JO	RU	4.09	0	0	0	0
KZ	RU	915.95	0.001	917.61	942.362	1159.875
KI	RU	28.65	0	0	0	0
KP	RU	0.00	0.989	7.124	67.083	620.327
KR	RU	1289.38	0	1444.146	1812.142	3435.721
KW	RU	0.44	0	18.581	137.139	764.717
KG	RU	56.90	0	0	0	0
KV	RU	179.52	0.954	0	0	0
LB	RU	15.51	0	16.857	26.646	105.955
LI	RU	52.79	0.748	0.322	4.603	31.899
LT	RU	138.06	0.578	72.474	129.726	137.475
LU	RU	7991.49	0.792	0	0	0
MY	RU	0.00	0.983	23.896	167.507	1092.466
MT	RU	92.00	0	0	0	0
MH	RU	0.00	0.999	0	0	0
MU	RU	13.80	0	0	0	0
MX	RU	0.00	0	0.552	4.965	46.352
MD	RU	41.55	0	41.548	41.548	41.548
NA	RU	0.01	0	0	0	0
NL	RU	32367.87	0.786	305.304	1084.249	3443.992
NZ	RU	0.87	0	2.38	13.269	92.27
NG	RU	0.05	0	0	0	0
NO	RU	153.83	0.952	100.285	217.505	609.453
OM	RU	0.06	0	0.108	3.538	79.767
PK	RU	0.81	0	0.807	0.807	0.807
PA	RU	130.18	0.964	0	0	0
PH	RU	0.05	0	0	0	0
PL	RU	295.66	0.596	182.528	294.271	410.143
PT	RU	9.96	0	15.183	42.612	188.473
QA	RU	0.03	0	0	0	0
RO	RU	8.68	0	8.679	8.679	8.679
RU	RU	0.00	0	105898.104	116707.288	125180.597
SM	RU	0.53	0	0	0	0
SA	RU	0.19	0	0.368	4.238	44.877
RS	RU	41.36	0.295	34.245	41.189	41.354
SC	RU	116.23	0.998	0	0	0
SG	RU	517.29	0.821	6.237	49.91	237.219
SK	RU	22.17	0.42	21.839	26.856	88.299
SI	RU	152.10	0.901	23.991	102.809	145.924
ZA	RU	0.00	0	187.46	646.622	2150.876
ES	RU	195.37	0.884	90.734	198.374	435.829
LK	RU	0.77	0	0	0	0
KN	RU	90.52	0	0.187	2.313	31.378
VC	RU	0.00	0	35.859	197.898	1163.552
SE	RU	2420.51	0.898	1914.702	3353.21	6260.039
CH	RU	8552.04	0.753	1085.154	2548.045	5419.445
SY	RU	1.90	0	0	0	0
TW	RU	2.50	0	6.442	23.902	138.613
TH	RU	0.00	0	2.227	28.679	121.513
TR	RU	746.66	0.125	1028.024	1645.112	3452.926
TM	RU	7.30	0	0	0	0
UG	RU	0.02	0	0	0	0
UA	RU	197.11	0.122	467.385	1094.949	3024.058
AE	RU	149.47	0.742	111.35	179.436	453.498
GB	RU	6173.39	0.802	3350.219	5678.333	9494.949
US	RU	1317.10	0.233	7082.931	10322.442	15742.258
UZ	RU	28.23	0	28.226	28.226	28.226
VE	RU	0.00	0	0.164	2.146	32.714
VN	RU	0.00	0.983	19.155	135.459	1155.635
VG	RU	9243.85	0.094	0	0	0
YE	RU	0.04	0	0	0	0
n.a.	RU	11658.30	0	0	0	0
AF	US	2.00	0	1.0	1.0	1.0
DZ	US	-13.00	0	0	0	0
AD	US	0.00	0	0	0	0
AO	US	207.00	0.074	103.535	104.071	111.865
AG	US	3.00	0	0	0	0
AR	US	851.00	0.031	5192.552	5605.903	7616.202
AM	US	2.00	0	0	0	0
AW	US	-7.00	0	0	0	0
AU	US	47270.00	0.559	51187.635	51992.135	55102.949
AT	US	7088.00	0.975	3157.802	3198.133	3453.489
AZ	US	0.00	0	0.807	12.177	143.777
BS	US	805.00	0.955	0.083	7.216	180.098
BH	US	-162.00	0	980.684	1114.373	3455.711
BD	US	0.00	0	1.0	1.0	1.0
BB	US	1340.00	0.688	0.848	3.045	6.412
BY	US	2.00	0	21.695	182.732	1539.115
BE	US	89231.00	0.859	47408.024	52680.388	59215.202
BZ	US	13.00	0.013	0	0	0
BM	US	-7411.00	1.0	0.038	0.794	11.753
BO	US	-16.00	0	0	0	0
BW	US	-1.00	0	0	0	0
BR	US	551.00	0.175	35765.66	36099.953	36708.455
BN	US	0.00	0	0	0	0
BG	US	0.00	0.99	1.453	11.869	107.165
CM	US	0.00	0.993	0	0	0
CA	US	322118.00	0.163	394860.538	400447.38	410329.381
KY	US	94773.00	0.842	0	0	0
CL	US	2087.00	0.231	2439.048	2466.84	2482.203
HK	US	10991.00	0.896	8518.031	13579.442	19603.424
MO	US	139.00	0	0.003	1.292	60.088
CN	US	16769.00	0.071	39913.174	44636.884	51171.664
CO	US	-97.00	1.0	2418.868	2440.846	2452.682
CD	US	2.00	0	0	0	0
CG	US	-6.00	0	0	0	0
CR	US	-84.00	0	37.5	37.5	37.5
HR	US	0.00	0.975	3.992	4.076	7.67
CW	US	1630.00	0.99	1.086	10.845	96.598
CY	US	2600.00	0.99	0.071	3.526	89.456
CZ	US	108.00	0.64	105.831	218.498	1165.459
DK	US	14432.00	0.538	14404.206	14529.311	14737.696
DM	US	-1.00	0	0	0	0
DO	US	-8.00	0.114	1.0	1.0	1.0
EC	US	1.00	0	0.5	0.5	0.5
EG	US	-76.00	0	80.099	492.689	3152.825
SV	US	-18.00	0.987	1.87	14.078	146.217
GQ	US	3.00	0	0	0	0
EE	US	-5.00	0	0	0	0
ET	US	-1.00	0	0	0	0
FI	US	6482.00	0.305	9861.818	9954.038	10004.23
FR	US	232431.00	0.391	269531.662	285798.37	317689.367
GA	US	0.00	0.988	0	0	0
GE	US	-1.00	0	0	0	0
DE	US	279735.00	0.346	358933.205	363311.114	373776.498
GH	US	-33.00	0	0	0	0
GI	US	14807.00	0.805	0	0	0
GR	US	638.00	0.844	1045.004	1267.259	1978.484
GD	US	8.00	0	0	0	0
GT	US	-15.00	0	7.5	7.5	7.5
GY	US	0.00	0	0.5	0.5	0.5
HN	US	-16.00	0	0.004	0.14	2.468
HU	US	12126.00	0.661	2.983	44.138	101.977
IS	US	0.00	0.992	178.669	780.606	3691.114
IN	US	9629.00	0.867	12831.203	15081.887	20435.361
ID	US	1604.00	0	1053.926	1066.969	1208.601
IR	US	0.00	0.937	0.529	0.937	8.413
IE	US	35814.00	0.675	5247.627	14786.559	33944.358
IM	US	0.00	0.994	0	0	0
IL	US	7442.00	0.142	25624.04	27314.465	33616.134
IT	US	27690.00	0.893	71535.344	100896.782	158439.648
JM	US	0.00	0	0	0	0
JP	US	402164.00	0.036	408528.414	411411.38	414442.342
JE	US	0.00	0.954	0	0	0
JO	US	0.00	0.989	33.953	208.334	1524.337
KZ	US	1.00	0	0	0	0
KE	US	-8.00	0	0	0	0
KR	US	40585.00	0.101	39101.827	39662.753	39908.272
KW	US	1113.00	0	730.887	849.667	1758.832
LB	US	-14.00	0	308.067	311.095	338.116
LR	US	501.00	0	258.5	258.5	258.5
LI	US	0.00	0.981	411.376	581.451	614.394
LU	US	347864.00	0.747	304.164	1533.446	5356.119
MK	US	1.00	0	0.5	0.5	0.5
MY	US	1278.00	0.92	6863.011	12828.993	17704.61
ML	US	-2.00	0	0	0	0
MT	US	689.00	0.702	0.009	0.639	29.94
MH	US	38.00	0.97	0	0	0
MU	US	386.00	0.982	0	0	0
MX	US	15209.00	0.73	33965.698	34266.51	34440.088
FM	US	1.00	0	0	0	0
MC	US	0.00	0	0.062	2.204	72.568
MN	US	1.00	0.019	0	0	0
NA	US	2.00	0	0	0	0
NL	US	299780.00	0.791	43213.535	76179.65	113638.364
NZ	US	439.00	0.981	522.717	596.432	989.825
NG	US	29.00	0	0	0	0
NO	US	20706.00	0.401	29623.941	30185.708	32348.957
OM	US	-33.00	0	-1.5	-1.5	-1.5
PK	US	-117.00	0	79.887	80.749	81.195
PQ	US	2.00	0	0	0	0
PA	US	2592.00	0.654	0.696	11.661	141.702
PY	US	0.00	0.997	0.017	0.313	5.297
PE	US	117.00	0.014	240.53	249.687	342.296
PH	US	1173.00	0	1022.001	1022.007	1022.038
PL	US	1496.00	0.96	160.922	933.846	4561.431
PT	US	942.00	0.917	756.128	2502.234	8697.374
QA	US	0.00	0.972	2760.399	2788.328	2810.799
RO	US	85.00	0.016	84.503	85.602	99.019
RU	US	4358.00	0.032	4887.472	6225.153	9313.878
WS	US	0.00	0.983	0	0	0
SM	US	0.00	0	0	0	0
SA	US	0.00	0.875	11477.745	11588.812	11968.164
RS	US	4.00	0	2.734	11.907	108.986
SG	US	21654.00	0.871	7373.543	16836.401	25269.0
SK	US	0.00	0.996	0.021	0.353	5.445
SI	US	0.00	0.983	9.095	68.703	425.114
SO	US	0.00	0	0	0	0
ZA	US	2942.00	0.121	10698.249	23732.292	65032.287
ES	US	66985.00	0.606	65151.726	65790.915	66180.051
LK	US	56.00	0.012	0	0	0
SZ	US	-5.00	0	0	0	0
SE	US	43416.00	0.742	48364.673	50953.509	58415.168
CH	US	249225.00	0.666	126106.43	146919.388	165082.115
TW	US	6890.00	0.449	10325.24	10712.174	12403.406
TH	US	2468.00	0.884	516.163	544.656	820.872
TL	US	-4.00	0	0	0	0
TT	US	175.00	0.017	222.04	223.389	224.332
TN	US	-17.00	0	0	0	0
TR	US	625.00	0.586	1192.3	1202.959	1208.918
TM	US	-3.00	0	0	0	0
UA	US	6.00	0	3.699	65.986	879.903
AE	US	2755.00	0.023	24375.306	24627.948	24757.669
GB	US	512139.00	0.629	353239.965	451635.583	512242.32
US	US	0.00	0	341077.633	403513.314	500039.83
UG	US	393.00	0.231	320.502	323.662	325.836
VU	US	0.00	0.996	0	0	0
VE	US	4187.00	0.041	4398.229	4491.213	4583.244
VN	US	1515.00	0	763.0	763.0	763.0
VG	US	0.00	0.989	0	0	0
n.a.	US	12688.00	0	0	0	0
DZ	GB	0.00	0	2.522	28.971	366.048
AD	GB	0.00	0.989	0.822	6.493	77.544
AG	GB	0.00	0	0.165	2.438	33.284
AR	GB	0.00	0	5.049	29.838	231.574
AU	GB	19786.33	0.456	27302.448	34889.144	46042.344
AT	GB	4507.94	0.918	2275.147	4285.126	7318.005
AZ	GB	0.00	0	5.065	30.845	193.048
BS	GB	1619.72	0.842	0	0	0
BH	GB	0.00	0.976	389.334	1108.835	3097.535
BD	GB	0.00	0.988	1.119	10.973	96.504
BB	GB	0.00	0.919	5.843	33.871	240.274
BY	GB	0.00	0.982	3.479	24.75	192.33
BE	GB	33363.50	0.841	4363.32	8548.841	17497.526
BZ	GB	124.48	0	0	0	0
BM	GB	33427.22	0.775	0	0	0
BR	GB	42.98	0.386	481.012	1052.504	2644.445
BN	GB	0.00	0	518.946	1981.332	7179.508
BG	GB	0.00	0	0.518	5.639	63.67
CA	GB	34399.34	0.493	34426.71	41864.13	51949.892
KY	GB	29346.07	0.751	0	0	0
CL	GB	0.00	0.995	1836.947	3450.783	4077.22
HK	GB	17939.88	0.842	9581.031	16000.351	25412.314
CN	GB	2707.43	0.089	16115.154	23505.296	34061.909
CO	GB	0.00	0.963	33.231	154.946	751.268
CR	GB	0.00	0.981	4.489	28.011	233.351
HR	GB	0.00	0.994	0.294	4.334	38.858
CW	GB	1244.80	0.985	0.735	5.425	43.696
CY	GB	5558.61	0.909	16.595	99.57	538.768
CZ	GB	0.00	0.989	207.462	622.664	2191.281
DK	GB	11135.00	0.533	8132.165	10749.721	12857.828
DO	GB	0.00	0.97	13.363	77.369	439.728
EG	GB	17.78	0.754	737.638	2025.394	5831.7
FI	GB	3197.94	0.794	1336.008	2797.325	3636.664
FR	GB	109079.70	0.383	112041.931	128375.569	146383.011
DE	GB	82781.90	0.309	77751.844	85947.22	97263.243
GI	GB	1924.99	0.76	0	0	0
GR	GB	1350.01	0.05	1613.608	2257.45	4713.688
GT	GB	8766.92	0	0	0	0
GG	GB	9765.72	0.934	0	0	0
GY	GB	0.00	0	0.012	0.249	6.455
HU	GB	151.15	0.966	32.15	184.523	1076.456
IS	GB	629.81	0.787	329.431	658.147	1315.113
IN	GB	14507.80	0.294	17925.6	20846.506	25301.047
ID	GB	0.00	0.979	113.397	346.588	1280.883
IR	GB	0.00	0.971	48.078	199.283	904.202
IE	GB	23519.23	0.735	8701.95	13484.086	18576.586
IM	GB	5880.18	0.95	0	0	0
IL	GB	1006.21	0.616	3393.42	7296.499	16829.957
IT	GB	9519.73	0.723	9245.152	13436.659	20501.354
JM	GB	13.34	0.965	2.04	11.932	22.691
JP	GB	67728.76	0.019	76701.459	83217.379	95713.055
JE	GB	73490.38	0.654	0	0	0
JO	GB	0.00	0.984	2.198	19.368	140.168
KZ	GB	0.00	0	814.994	2933.346	9474.557
KR	GB	3614.35	0.122	3914.624	4615.25	6582.802
KW	GB	400.11	0	519.614	795.161	1722.135
LB	GB	90.40	0	406.584	889.625	2103.317
LR	GB	0.00	0.942	108.927	376.053	1265.869
LY	GB	0.00	0.958	121.555	394.367	1183.949
LI	GB	4156.73	0.724	4.06	38.944	339.05
LU	GB	104733.28	0.662	10.767	65.273	438.314
MY	GB	1062.52	0.099	2742.944	4681.842	7887.291
MT	GB	1301.11	0.905	0.13	2.328	35.325
MH	GB	189.68	0.66	0	0	0
MU	GB	417.90	0.96	0.002	0.087	3.32
MX	GB	0.00	0.97	1233.767	2995.886	7403.496
MC	GB	0.00	0.986	0.837	7.529	86.716
MA	GB	0.00	0.98	3.075	22.614	153.337
NL	GB	231564.66	0.725	17984.926	30513.883	49097.818
NZ	GB	1336.67	0.736	1146.363	1792.185	3361.927
NG	GB	0.00	0.951	72.314	287.052	1039.764
NO	GB	7748.86	0.594	9066.565	12707.855	20338.017
OM	GB	4.45	0.446	74.532	320.089	1448.332
PK	GB	10.37	0.505	27.089	100.942	331.691
PA	GB	832.83	0.931	0	0	0
PH	GB	17.78	0.962	7.292	21.999	124.697
PL	GB	583.87	0.953	28.454	192.273	480.737
PT	GB	1673.07	0.93	422.223	1161.537	1991.447
QA	GB	0.00	0.885	1491.533	3080.369	6665.181
RO	GB	0.00	0	0.449	5.209	57.98
RU	GB	0.00	0.931	3809.361	6111.516	10309.333
SA	GB	72.61	0	2091.432	3839.043	7736.507
RS	GB	0.00	0	8.343	57.854	380.554
SC	GB	10.37	0.808	0	0	0
SG	GB	4297.51	0.833	318.305	787.229	2198.235
SK	GB	0.00	0.982	2.892	18.055	125.516
ZA	GB	3243.88	0.348	8524.337	12095.564	17510.813
ES	GB	39565.25	0.43	31637.459	37690.169	42153.396
LK	GB	56.31	0	56.339	56.876	70.553
KN	GB	97.81	0	0.359	4.768	60.583
LC	GB	100.77	0	0	0	0
VC	GB	0.00	0	4.351	34.539	237.165
SE	GB	15659.24	0.775	20411.467	27798.263	37743.64
CH	GB	61916.75	0.56	43097.151	54105.428	64797.718
TW	GB	226.73	0.032	394.077	766.121	1991.5
TH	GB	435.68	0.74	545.157	932.371	1997.537
TT	GB	0.00	0.973	6.347	43.254	238.694
TR	GB	268.22	0.931	408.98	931.784	2847.861
UA	GB	0.00	0	775.938	1987.193	5761.799
AE	GB	6108.39	0.345	6443.58	7957.033	11588.36
GB	GB	0.00	0	101023.869	127164.715	153185.359
US	GB	432987.47	0.204	602987.495	637983.343	680666.64
VE	GB	0.00	0	2.138	21.147	214.733
VG	GB	12624.31	0.858	0	0	0
ZW	GB	0.00	0.975	6.287	40.488	200.53
n.a.	GB	8028.93	0	0	0	0
AF	IT	389.00	0	0	0	0
AL	IT	91.00	0.446	55.043	82.503	234.77
DZ	IT	233.00	0.134	129.275	174.769	386.63
AD	IT	19.00	0.156	9.549	9.797	11.321
AO	IT	-6.00	0	0	0	0
AG	IT	9.00	0	0	0	0
AR	IT	299.00	0.745	0	0	0
AM	IT	1.00	0	0	0	0
AW	IT	3.00	0	1.5	1.5	1.5
AU	IT	291.00	0.743	235.152	237.817	239.35
AT	IT	5129.00	0.588	5221.846	5332.799	5534.54
AZ	IT	1.00	0.71	0.527	0.675	1.816
BS	IT	5.00	0.015	0	0	0
BH	IT	0.00	0	28.409	109.956	386.19
BD	IT	1.00	0.886	0.67	1.53	5.893
BY	IT	-4.00	0	0	0	0
BE	IT	13246.00	0.788	2660.585	3468.488	4874.883
BZ	IT	0.00	0	0	0	0
BJ	IT	0.00	0	0.186	1.186	7.609
BM	IT	3.00	0.191	0	0	0
BO	IT	17.00	0	0	0	0
BA	IT	10.00	0.645	5.523	7.51	15.547
BR	IT	299.00	0.738	245.264	261.737	343.965
BN	IT	5.00	0.015	18.993	72.64	266.713
BG	IT	87.00	0.581	70.122	70.883	71.367
BF	IT	1.00	0	0	0	0
BI	IT	1.00	0	0	0	0
KH	IT	11.00	0	0	0	0
CM	IT	1.00	0	0.5	0.5	0.5
CA	IT	334.00	0.239	876.434	938.335	1176.906
KY	IT	230.00	0.787	0	0	0
CL	IT	248.00	0	283.455	283.496	283.499
HK	IT	404.00	0.734	259.914	328.543	514.732
CN	IT	107.00	0.015	836.766	1035.941	1732.647
CO	IT	4.00	0.105	3.343	14.653	60.039
CD	IT	7.00	0	0	0	0
CR	IT	17.00	0.117	8.525	8.682	9.657
CI	IT	4.00	0	2.0	2.0	2.0
HR	IT	99.00	0.963	25.159	71.285	227.39
CU	IT	-3.00	0	0	0	0
CW	IT	11.00	0.015	0	0	0
CY	IT	390.00	0.906	0	0	0
CZ	IT	239.00	0.335	236.709	242.388	255.728
DK	IT	4150.00	0.339	3519.393	3768.925	4500.082
DM	IT	1.00	0	0	0	0
DO	IT	45.00	0.449	23.583	26.988	42.778
EC	IT	22.00	0.305	11.159	11.837	16.048
EG	IT	66.00	0.573	202.361	574.077	1853.852
EE	IT	87.00	0.008	84.262	84.438	84.491
ET	IT	30.00	0.447	15.47	17.281	27.979
FI	IT	-18.00	0	198.47	200.722	201.985
FR	IT	60666.00	0.209	58516.094	60277.477	63092.962
GA	IT	-2.00	0	0	0	0
GE	IT	2.00	0.876	1.392	2.996	11.194
DE	IT	24038.00	0.283	26985.632	27836.73	29516.922
GI	IT	9.00	0.776	0	0	0
GR	IT	245.00	0.765	86.649	181.022	223.251
GT	IT	3.00	0.927	7.048	23.528	97.004
GG	IT	17.00	0.015	0	0	0
HT	IT	1.00	0	0	0	0
HU	IT	906.00	0.015	11.866	12.001	12.077
IS	IT	-44.00	0	23.967	75.065	235.074
IN	IT	-46.00	0	282.931	478.122	1099.158
ID	IT	6.00	0.868	51.698	145.737	462.205
IR	IT	28.00	0.013	30.27	37.545	74.623
IQ	IT	3.00	0.041	1.501	1.508	1.566
IE	IT	292.00	0.908	4.226	19.657	63.409
IM	IT	212.00	0	0	0	0
IL	IT	-18.00	0	121.446	142.632	219.157
IT	IT	0.00	1.0	59594.046	65948.715	72781.41
JM	IT	1.00	0	0	0	0
JP	IT	3021.00	0.015	7777.074	7917.777	8349.669
JE	IT	85.00	0.929	0	0	0
JO	IT	6.00	0.447	5.011	12.6	45.209
KZ	IT	-10.00	0	0	0	0
KE	IT	17.00	0.091	8.52	8.634	9.373
KR	IT	399.00	0.268	589.053	595.782	599.587
KW	IT	2.00	0.015	3810.256	3852.504	3879.737
KV	IT	35.00	0.93	0	0	0
LB	IT	8.00	0.015	17.52	71.313	254.887
LS	IT	2.00	0	0	0	0
LY	IT	173.00	0.015	199.702	201.952	203.218
LI	IT	499.00	0.802	6.614	35.48	125.361
LT	IT	9.00	0.896	3.016	10.841	29.064
LU	IT	73335.00	0.605	21.322	78.803	315.633
MK	IT	6.00	0	0	0	0
MG	IT	1.00	0.871	0.655	1.303	5.072
MY	IT	-23.00	0	0.027	0.133	0.804
ML	IT	1.00	0	0	0	0
MT	IT	681.00	0.921	0	0	0
MU	IT	26.00	0.695	0	0	0
MX	IT	-78.00	0	0	0	0
MD	IT	26.00	0.411	14.546	19.956	53.258
MC	IT	0.00	0	0	0	0
ME	IT	3.00	0.826	1.855	3.271	10.677
MA	IT	7.00	0	6.0	6.0	6.0
MZ	IT	-4.00	0	0	0	0
NA	IT	1.00	0.688	0.53	0.683	1.701
NP	IT	2.00	0	0	0	0
NL	IT	68336.00	0.545	1428.33	2698.956	5477.35
NZ	IT	21.00	0.08	245.924	715.998	2058.835
NI	IT	2.00	0.904	1.85	4.578	19.252
NG	IT	-26.00	0	0	0	0
NO	IT	-489.00	0	0.349	1.861	10.029
OM	IT	-6.00	0	7.089	32.274	163.223
PK	IT	5.00	0.861	3.69	7.947	26.468
PQ	IT	1.00	0	0	0	0
PA	IT	36.00	0.002	0	0	0
PY	IT	2.00	0.714	1.083	1.489	3.785
PE	IT	2.00	0.895	1.852	4.808	17.624
PH	IT	14.00	0.017	18.537	70.883	277.478
PL	IT	106.00	0.474	129.414	130.881	131.737
PT	IT	1447.00	0.724	418.988	569.931	1085.939
QA	IT	528.00	0.014	844.035	1400.22	2835.993
RO	IT	127.00	1.0	84.015	203.982	301.276
RU	IT	573.00	0.015	3133.687	3617.43	4726.318
SM	IT	370.00	0.415	377.007	386.519	390.297
SA	IT	47.00	0.015	374.575	522.578	1038.826
SN	IT	7.00	0.798	4.264	6.803	21.126
RS	IT	32.00	0.517	16.849	20.078	34.891
SC	IT	2.00	0.998	0	0	0
SL	IT	2.00	0.603	1.042	1.246	2.626
SG	IT	235.00	0.895	109.891	242.318	647.621
SK	IT	55.00	0.945	6.247	23.531	107.999
SI	IT	80.00	0.961	6.216	26.413	106.24
SO	IT	3.00	0.085	1.502	1.518	1.642
ZA	IT	-242.00	0	449.922	1135.616	3094.769
ES	IT	8006.00	0.312	6840.098	6934.389	7181.012
LK	IT	3.00	0.154	2.362	10.027	45.696
KN	IT	0.00	0	0	0	0
VC	IT	-1.00	0	0	0	0
SE	IT	1357.00	0.605	3066.167	3760.957	5258.115
CH	IT	18309.00	0.586	15030.293	17783.039	19726.749
SY	IT	4.00	0	5.0	5.0	5.0
TW	IT	115.00	0.015	410.321	622.893	843.372
TZ	IT	2.00	0.503	1.027	1.164	2.065
TH	IT	36.00	0	200.978	568.103	1654.026
TT	IT	1.00	0	0	0	0
TN	IT	15.00	0.868	48.75	132.371	345.694
TR	IT	268.00	0.815	319.598	340.075	422.108
UA	IT	30.00	0.015	904.104	922.342	978.152
AE	IT	425.00	0	269.775	320.56	454.893
GB	IT	39704.00	0.586	27278.496	33508.54	40204.335
US	IT	7563.00	0.405	39273.999	42568.832	48281.503
UG	IT	52.00	0.015	361.564	365.348	368.077
VE	IT	58.00	0.424	30.794	36.667	67.495
VN	IT	-2.00	0	0	0	0
VG	IT	7.00	0.015	0	0	0
ZM	IT	2.00	0	1.006	1.045	1.377
ZW	IT	3.00	0	0	0	0
n.a.	IT	951.00	0	0	0	0
AL	FR	-323.00	0	0	0	0
DZ	FR	0.00	0.838	929.205	932.703	1094.898
AR	FR	0.00	0.871	67.244	152.218	386.248
AU	FR	604.00	0.05	4363.297	4841.84	5988.03
AT	FR	3187.00	0.539	1915.067	2064.604	2525.521
BS	FR	0.00	0.927	0	0	0
BH	FR	0.00	0.88	46.059	99.335	237.317
BY	FR	0.00	0.879	8.494	23.192	70.381
BE	FR	57928.00	0.354	40665.86	43844.36	46334.73
BZ	FR	0.00	0	0	0	0
BJ	FR	0.00	0	7.651	29.443	115.163
BM	FR	0.00	0.902	0	0	0
BR	FR	-224.00	0	1.353	9.054	57.088
CM	FR	0.00	0.979	3.101	11.248	40.881
CA	FR	3744.00	0.162	6467.014	6894.899	7818.292
KY	FR	520.00	0.863	0	0	0
CL	FR	470.00	0.017	472.759	476.188	480.981
HK	FR	3139.00	0.789	851.681	1360.167	2338.791
CN	FR	2034.00	0.001	8687.152	9994.368	11923.05
CO	FR	0.00	0	0	0	0
CI	FR	205.00	0	212.0	212.0	212.0
CW	FR	138.00	0.621	0	0	0
CY	FR	1376.00	0.575	2.651	27.614	158.082
CZ	FR	344.00	0.905	36.874	181.907	319.261
DK	FR	5878.00	0.245	4964.743	5102.541	5391.201
EC	FR	150.00	0	149.5	149.5	149.5
EG	FR	167.00	0.026	173.168	187.04	242.716
EE	FR	0.00	0.951	0.816	3.185	13.538
FI	FR	1571.00	0.179	1694.367	1702.954	1705.124
FR	FR	0.00	0	85698.12	94545.86	103183.3
GA	FR	143.00	0	177.0	177.0	177.0
DE	FR	65584.00	0.208	81726.78	82396.85	83661.97
GR	FR	0.00	0.942	157.853	167.484	253.031
GG	FR	658.00	0.303	0	0	0
HU	FR	420.00	0.253	52.631	97.447	109.083
IS	FR	0.00	0.951	47.715	113.036	303.661
IN	FR	122.00	0.874	1162.526	2242.575	4486.225
ID	FR	0.00	0	0	0	0
IR	FR	225.00	0	217.562	240.998	338.507
IE	FR	5593.00	0.743	1938.071	3060.841	4485.393
IM	FR	449.00	0	0	0	0
IL	FR	185.00	0.359	699.758	746.301	900.007
IT	FR	18985.00	0.083	24983.76	26133.16	28086.86
JP	FR	15474.00	0.057	19784.8	19799.77	19812.7
JE	FR	857.00	0.691	0	0	0
KZ	FR	0.00	0	151.015	151.113	151.178
KP	FR	0.00	0	0	0	0
KR	FR	743.00	0.061	1229.884	1302.551	1577.713
KW	FR	0.00	0	0	0	0
KV	FR	130.00	0	0	0	0
LB	FR	4126.00	0	2731.641	2827.952	3117.648
LR	FR	0.00	0.86	33.276	85.422	237.151
LY	FR	149.00	0.01	74.52	74.637	75.875
LI	FR	278.00	0.13	237.989	265.807	273.466
LU	FR	138335.00	0.467	67.312	179.698	443.748
MY	FR	112.00	0.01	175.603	240.51	403.841
MT	FR	661.00	0.519	13.761	85.614	208.515
MU	FR	353.00	0.337	186.279	210.479	281.149
MX	FR	361.00	0.001	1072.153	1072.871	1073.382
MC	FR	0.00	0.96	10.619	69.547	210.046
MA	FR	414.00	0.039	500.873	515.187	518.788
NL	FR	93832.00	0.517	7241.846	11664.64	17905.35
NZ	FR	0.00	0.959	123.008	123.089	123.147
NO	FR	2222.00	0.199	3065.465	3137.787	3396.155
OM	FR	0.00	0	10.829	39.187	123.795
PK	FR	0.00	0	0	0	0
PA	FR	356.00	0	0	0	0
PE	FR	0.00	0	0	0	0
PH	FR	1298.00	0	0.05	0.681	7.436
PL	FR	-2522.00	0	0	0	0
PT	FR	1150.00	0.432	1035.033	1043.989	1074.984
QA	FR	1468.00	0.001	3739.08	3786.44	3928.432
RO	FR	0.00	0.914	5.554	18.804	60.475
RU	FR	1791.00	0.003	3275.44	4244.908	6200.091
SM	FR	303.00	0	303.0	303.0	303.0
SA	FR	732.00	0.002	982.067	1058.958	1264.584
SN	FR	0.00	0	11.495	41.227	158.76
SG	FR	1190.00	0.721	297.847	551.243	848.966
SK	FR	0.00	0.932	0.207	1.212	5.883
ZA	FR	0.00	0.925	3210.461	4339.233	6664.831
ES	FR	16893.00	0.416	11604.6	12021.91	12904.67
SE	FR	5467.00	0.575	8302.962	8948.866	10238.79
CH	FR	72405.00	0.315	67026.05	71776.47	75498.75
TW	FR	186.00	0.001	173.084	173.209	173.35
TH	FR	0.00	0.988	683.064	683.51	683.81
TT	FR	0.00	0	0	0	0
TN	FR	0.00	0.856	98.624	224.665	494.074
TR	FR	345.00	0.004	338.146	339.011	339.635
AE	FR	1274.00	0.003	3310.154	3330.506	3415.008
GB	FR	81072.00	0.238	75145.45	79346.14	83629.22
US	FR	67021.00	0.163	151469.6	156335.6	162668.7
UG	FR	0.00	0	0	0	0
VE	FR	0.00	0	0	0	0
VG	FR	496.00	0.774	0	0	0
n.a.	FR	4300.00	0	0	0	0
AF	DE	1.00	0	1.0	1.0	1.0
AL	DE	1.00	0	1.0	1.0	1.0
DZ	DE	-42.00	0	1.5	1.5	1.5
AD	DE	0.00	0	0	0	0
AI	DE	0.00	0.901	4.892	15.7	49.306
AR	DE	0.00	0	0	0	0
AU	DE	2250.00	0.652	3832.92	4540.827	6490.325
AT	DE	31406.00	0.346	25306.84	25914.68	26737.01
AZ	DE	0.00	0.876	12.6	35.102	101.893
BS	DE	1533.00	0.009	0	0	0
BH	DE	0.00	0	24.861	31.787	68.731
BY	DE	0.00	0.943	8.763	29.773	107.035
BE	DE	11857.00	0.701	8923.967	10749.78	12065.31
BZ	DE	0.00	0	0.998	0.999	0.999
BM	DE	1447.00	0.204	0	0	0
BA	DE	0.00	0.932	12.505	38.632	133.203
BR	DE	155.00	0.001	946.327	946.822	948.146
BN	DE	1.00	0	0	0	0
BG	DE	0.00	0.889	20.766	63.348	186.66
CA	DE	1448.00	0.309	8359.067	9420.249	11995.77
KY	DE	1003.00	0.772	0	0	0
CL	DE	0.00	0.925	16.653	53.356	171.265
HK	DE	859.00	0.765	202.988	394.656	672.871
CN	DE	3080.00	0.349	5606.453	6047.309	6853.866
CO	DE	2.00	0.001	2.994	2.995	2.996
CG	DE	0.00	0	0	0	0
HR	DE	0.00	0.991	8.32	32.418	139.501
CW	DE	52.00	0.842	0	0	0
CY	DE	2537.00	0.829	1.282	5.919	26.642
CZ	DE	5395.00	0.844	933.147	1152.237	1959.581
DK	DE	13154.00	0.536	7043.991	7260.081	7833.914
EC	DE	-2.00	0	0	0	0
EG	DE	0.00	0.928	126.09	293.696	804.313
GQ	DE	1.00	0	1.0	1.0	1.0
EE	DE	0.00	0.962	2.98	2.992	2.995
FI	DE	1903.00	0.403	3103.584	3365.965	4099.934
FR	DE	51185.00	0.373	59872.61	65831.42	74484.53
GE	DE	1.00	0	1.0	1.0	1.0
DE	DE	0.00	0	74078.47	80251.19	89547.04
GH	DE	-1.00	0	0	0	0
GI	DE	697.00	0.269	0	0	0
GR	DE	-48.00	0	58.875	63.082	85.281
GG	DE	240.00	0.864	0	0	0
HN	DE	21.00	0	0	0	0
HU	DE	-192.00	0	0	0	0
IS	DE	0.00	0.946	457.441	538.393	840.748
IN	DE	381.00	0.067	5461.132	8603.491	14987.94
ID	DE	0.00	0	0	0	0
IR	DE	1631.00	0.005	1691.525	1779.68	2171.224
IQ	DE	2.00	0	2.0	2.0	2.0
IE	DE	8885.00	0.674	3197.58	5183.868	6956.894
IM	DE	90.00	0.001	0	0	0
IL	DE	1034.00	0.453	6065.732	6585.394	7728.852
IT	DE	38042.00	0.29	36997.16	38521.43	41168.31
JP	DE	23629.00	0.006	36296.33	36447.98	36856.28
JE	DE	6467.00	0.848	0	0	0
JO	DE	2.00	0	4.945	14.746	59.017
KZ	DE	0.00	0	7.0	7.0	7.0
KE	DE	7.00	0	11.109	39.797	160.761
KP	DE	0.00	0.87	36.474	99.768	281.248
KR	DE	3797.00	0.008	4334.628	4392.081	4594.691
KW	DE	205.00	0.001	328.902	330.705	342.984
KG	DE	-14.00	0	0	0	0
LB	DE	17.00	0.001	29.223	30.473	39.836
LY	DE	0.00	0	0	0	0
LI	DE	0.00	0.852	47.01	129.73	398.058
LT	DE	0.00	0.136	1.726	1.997	1.998
LU	DE	141750.00	0.587	312.025	832.897	2128.418
MY	DE	552.00	0.001	751.883	753.541	762.462
MT	DE	415.00	0.877	0	0	0
MU	DE	0.00	0.983	0	0	0
MX	DE	0.00	0.889	545.913	546.17	548.099
MC	DE	0.00	0	0.004	0.412	6.483
MA	DE	-1.00	0	0	0	0
NA	DE	1.00	0	0	0	0
NL	DE	173817.00	0.561	16021.61	24685.49	32965.99
NZ	DE	0.00	0.797	83.297	176.119	410.655
NG	DE	0.00	0.873	22.296	61.769	175.165
NO	DE	1811.00	0.236	2586.1	2628.409	2760.909
OM	DE	65.00	0	1135.801	1242.568	1782.914
PK	DE	16.00	0	8.0	8.0	8.0
PA	DE	91.00	0	0	0	0
PE	DE	3.00	0	0	0	0
PH	DE	-5.00	0	1.654	10.299	52.403
PL	DE	498.00	0.661	409.2	409.404	409.763
PT	DE	172.00	0.145	433.441	434.934	448.071
QA	DE	0.00	0.942	6960.523	7056.181	7227.554
RO	DE	-179.00	0	13.021	38.871	129.492
RU	DE	4225.00	0.001	8246.793	8950.699	10920.14
SM	DE	0.00	0	0	0	0
SA	DE	135.00	0.001	370.058	373.401	392.138
RS	DE	0.00	0.954	0.998	0.998	0.999
SG	DE	1922.00	0.829	39.942	123.369	270.22
SK	DE	0.00	0.974	7.11	26.38	90.026
SI	DE	57.00	0	72.5	72.5	72.5
ZA	DE	401.00	0.001	3163.443	5166.333	8932.943
ES	DE	16529.00	0.576	26156.98	26212.96	26383.09
LK	DE	0.00	0	0	0	0
KN	DE	0.00	0.893	10.386	32.646	97.216
VC	DE	1.00	0	0.998	0.998	0.999
SE	DE	11151.00	0.418	18767.42	20521.47	23783.22
CH	DE	66549.00	0.528	33440	42112.09	48121.78
SY	DE	-7.00	0	0	0	0
TW	DE	203.00	0.432	586.974	693.527	1034.527
TH	DE	222.00	0.709	5.012	21.269	105.044
TN	DE	-25.00	0	0	0	0
TR	DE	0.00	0.822	1621.106	1701.01	1966.606
UA	DE	0.00	0.941	212.838	364.435	870.02
AE	DE	207.00	0.59	2790.433	2791.708	2792.642
GB	DE	75693.00	0.509	63420.91	74797.7	86543.59
US	DE	59725.00	0.112	209475.1	220193.6	233873.7
UG	DE	7.00	0	3.5	3.5	3.5
UZ	DE	2.00	0	2.0	2.0	2.0
VE	DE	8.00	0.011	8.004	8.025	8.091
VG	DE	1509.00	0.868	0	0	0
YE	DE	1.00	0	0	0	0
n.a.	DE	2647.00	0	0	0	0.0
